timestamp,px,py,pz,qx,qy,qz,qw,roll,pitch,yaw,vx,vy,vz,bax,bay,baz,bgx,bgy,bgz,lat,lon,alt
1757074450.000000,-0.000029,-0.011042,-0.006011,-0.004893,-0.068650,0.001217,0.997628,179.445,-172.127,-179.898,0.000001,-0.000000,-0.013962,0.161993,0.006702,-0.040948,0.015103,0.000518,-0.006821,31.45928399,120.43623943,14.056441
1757074451.000000,-0.000706,-0.006103,-0.015964,0.002308,-0.068632,0.053592,0.996199,0.691,-7.845,6.206,-0.000989,0.003933,-0.024008,0.154602,0.000196,-0.040314,0.007550,-0.001154,0.046304,31.45928403,120.43623942,14.046488
1757074452.000000,-0.004457,-0.004597,-0.025804,-0.017582,-0.068091,-0.229083,0.970863,176.225,-172.868,153.211,-0.004120,0.001908,-0.022700,0.129858,0.002182,-0.040989,0.025068,-0.000965,0.173716,31.45928405,120.43623938,14.036648
1757074453.000000,-0.029055,-0.023907,-0.036233,0.037998,-0.066015,0.402664,0.912173,7.064,-5.154,47.955,0.004546,0.028671,-0.024181,0.138941,-0.166838,-0.042693,0.001578,0.002111,0.013017,31.45928387,120.43623912,14.026219
1757074454.000000,0.010038,0.212187,-0.035737,0.055038,-0.059140,0.606083,0.791288,9.140,-1.540,75.023,0.022906,0.410251,-0.024898,0.057978,-0.181091,-0.034733,-0.036238,-0.002214,-0.235329,31.45928600,120.43623954,14.026715
1757074455.000000,0.036708,0.933635,-0.026057,0.079228,-0.069020,0.565995,0.817685,11.991,-1.329,69.521,-0.025443,0.997321,-0.002590,-0.346191,-0.519167,0.046625,0.002070,0.001212,0.008343,31.45929251,120.43623982,14.036395
1757074456.000000,-0.176799,2.299378,-0.009210,0.090229,-0.057433,0.614689,0.781484,12.221,1.212,76.245,-0.325549,1.749473,0.024640,-0.043352,-0.769655,0.008245,0.002767,0.001769,0.013666,31.45930483,120.43623757,14.053244
1757074457.000000,-0.934640,4.708344,0.025965,0.081479,-0.068093,0.808838,0.578364,11.811,3.040,108.552,-0.863196,2.760644,0.027115,-0.482070,-0.318336,0.067393,-0.045588,-0.004224,-0.225632,31.45932655,120.43622960,14.088420
1757074458.000000,-1.804959,7.903821,0.038345,0.079578,-0.064041,0.877997,0.467640,10.806,4.580,123.485,-0.829039,3.535006,0.028781,-0.506016,0.203113,0.069631,-0.047803,0.005235,-0.215993,31.45935537,120.43622044,14.100805
1757074459.000000,-2.364492,11.678579,0.048871,0.097147,-0.072565,0.846209,0.518871,12.974,5.112,116.387,-0.403540,4.152899,0.040054,-0.730829,0.361734,0.138837,-0.037773,0.007545,-0.138454,31.45938942,120.43621455,14.111338
1757074460.000000,-2.550627,16.226465,0.057480,0.095162,-0.062985,0.793806,0.597368,12.375,4.349,105.603,0.012856,4.598034,0.013220,-0.730216,0.030040,0.132956,-0.024379,0.000178,-0.085306,31.45943043,120.43621259,14.119959
1757074461.000000,-2.380779,20.864863,0.027867,0.112761,-0.058388,0.858308,0.497176,12.376,7.788,118.991,0.299140,4.962490,0.017375,-0.693528,0.151594,0.127230,-0.031540,0.003976,-0.115842,31.45947227,120.43621438,14.090361
1757074462.000000,-1.969514,26.171591,0.083089,0.115281,-0.048138,0.893006,0.432359,10.849,9.455,127.431,0.511131,5.470450,0.002379,-0.664397,0.165988,0.116505,-0.032946,0.003946,-0.123888,31.45952013,120.43621871,14.145604
1757074463.000000,-1.368050,31.862489,0.036767,0.115402,-0.040030,0.891192,0.436872,10.064,9.829,126.903,0.675038,5.959011,-0.010703,-0.707842,0.107965,0.129357,-0.030204,0.001837,-0.109938,31.45957145,120.43622504,14.099310
1757074464.000000,-0.659537,38.113232,0.008220,0.105590,-0.046409,0.873176,0.473561,10.537,8.073,122.309,0.726630,6.390972,-0.039087,-0.706230,0.089027,0.128031,-0.023757,0.000496,-0.088168,31.45962783,120.43623249,14.070800
1757074465.000000,0.055744,44.590874,0.006006,0.103918,-0.044479,0.880455,0.460459,10.126,8.165,124.058,0.755898,6.774814,-0.047817,-0.692045,0.078870,0.122594,-0.021883,-0.000057,-0.083246,31.45968625,120.43624002,14.068630
1757074466.000000,0.925741,51.585430,0.018583,0.103567,-0.051222,0.894514,0.431851,10.540,8.108,127.710,0.829677,7.032321,-0.033384,-0.715653,0.190682,0.131353,-0.021165,0.000792,-0.080265,31.45974933,120.43624917,14.081262
1757074467.000000,1.747081,58.502370,0.026096,0.106892,-0.049484,0.913936,0.388389,10.117,9.030,133.152,0.902515,7.247980,-0.022444,-0.691734,0.187410,0.123477,-0.020634,0.001080,-0.079903,31.45981172,120.43625781,14.088837
1757074468.000000,2.739097,66.330510,0.037714,0.112536,-0.043165,0.934297,0.335501,9.137,10.447,139.657,1.020546,7.505775,-0.019552,-0.696807,0.204633,0.124521,-0.021624,0.001509,-0.082521,31.45988232,120.43626825,14.100535
1757074469.000000,3.755312,73.748399,0.000462,0.089695,-0.058806,0.842685,0.527616,11.217,5.113,115.395,1.085613,7.572939,-0.017475,-0.667173,0.115815,0.113810,-0.011330,-0.001052,-0.044224,31.45994922,120.43627894,14.063369
1757074470.000000,4.898015,81.323039,0.016994,0.065507,-0.072471,0.717864,0.689295,11.207,-0.336,92.359,1.064996,7.395994,-0.034121,-0.554678,0.061663,0.080508,-0.002361,-0.002139,-0.010785,31.46001754,120.43629096,14.079996
1757074471.000000,5.900913,88.319032,-0.035275,0.072392,-0.068984,0.758192,0.644318,11.416,1.196,99.164,0.993886,7.216600,-0.068430,-0.490791,0.052655,0.062852,-0.003280,-0.001556,-0.017106,31.46008063,120.43630152,14.027824
1757074472.000000,6.809131,95.434815,-0.043660,0.071743,-0.066197,0.767097,0.634060,11.105,1.497,100.702,0.883087,7.231584,-0.051848,-0.471091,0.050314,0.057252,-0.003057,-0.001674,-0.016790,31.46014481,120.43631107,14.019545
1757074473.000000,7.724872,102.749020,-0.043429,0.071564,-0.065546,0.755497,0.647924,11.060,1.329,98.638,0.891579,7.347133,-0.022661,-0.452254,0.044765,0.051932,-0.002560,-0.001685,-0.013705,31.46021078,120.43632071,14.019894
1757074474.000000,8.622924,110.091608,-0.055276,0.072202,-0.062475,0.755132,0.648583,10.841,1.605,98.529,0.872868,7.493915,-0.008522,-0.450640,0.044149,0.051429,-0.002638,-0.001636,-0.012467,31.46027700,120.43633016,14.008174
1757074475.000000,9.488467,117.602248,-0.064808,0.075776,-0.069876,0.755553,0.646927,11.753,1.381,98.716,0.878065,7.755176,0.015122,-0.454413,0.068231,0.052975,-0.002529,-0.001037,-0.011926,31.46034474,120.43633926,13.998780
1757074476.000000,10.445291,125.607501,-0.086214,0.075494,-0.067730,0.758580,0.643638,11.538,1.567,99.214,0.982375,8.076786,0.015953,-0.467307,0.073433,0.056604,-0.002732,-0.000988,-0.012298,31.46041694,120.43634933,13.977532
1757074477.000000,11.473624,133.700572,-0.076827,0.076617,-0.069486,0.750674,0.652526,11.793,1.395,97.858,1.122117,8.329326,0.068406,-0.480601,0.067225,0.060216,-0.002552,-0.001171,-0.011328,31.46048993,120.43636015,13.987088
1757074478.000000,12.650033,142.103789,-0.037590,0.077434,-0.065688,0.745136,0.659137,11.540,1.651,96.842,1.209045,8.391789,0.075479,-0.495090,0.060756,0.064107,-0.002471,-0.001424,-0.010380,31.46056571,120.43637253,14.026513
1757074479.000000,13.834898,150.432861,0.017741,0.073261,-0.065744,0.762217,0.639794,11.189,1.579,99.826,1.199288,8.438656,0.018283,-0.486965,0.062343,0.061956,-0.002665,-0.001140,-0.012071,31.46064083,120.43638500,14.082041
1757074480.000000,15.056415,159.124112,0.022822,0.074219,-0.066083,0.763213,0.638459,11.287,1.656,100.009,1.187319,8.573135,-0.003749,-0.486116,0.062850,0.061741,-0.002571,-0.001119,-0.011481,31.46071922,120.43639785,14.087339
1757074481.000000,16.190062,167.358778,-0.003503,0.074238,-0.065214,0.773719,0.625776,11.182,1.906,101.882,1.179434,8.723225,0.033522,-0.494438,0.066824,0.064039,-0.002737,-0.001257,-0.012220,31.46079349,120.43640978,14.061232
1757074482.000000,17.387537,176.299120,-0.013576,0.076074,-0.063312,0.782434,0.614818,11.115,2.361,103.451,1.205236,8.856763,0.017024,-0.503725,0.071744,0.066606,-0.002973,-0.001172,-0.012662,31.46087412,120.43642238,14.051406
1757074483.000000,18.534753,185.094160,0.113160,0.068567,-0.068251,0.763664,0.638325,11.058,1.008,100.120,1.166777,8.919574,-0.013745,-0.486107,0.071527,0.061887,-0.001917,-0.001258,-0.009671,31.46095344,120.43643445,14.178399
1757074484.000000,19.772582,194.218158,0.110862,0.071758,-0.064660,0.775019,0.624512,10.949,1.746,102.109,1.177426,8.865256,-0.003672,-0.486915,0.071232,0.062058,-0.002302,-0.001246,-0.010662,31.46103573,120.43644747,14.176380
1757074485.000000,20.881538,202.902222,0.041093,0.067475,-0.073824,0.772183,0.627479,11.461,0.662,101.739,1.068975,8.820782,0.038143,-0.498792,0.073994,0.065229,-0.001808,-0.001256,-0.009744,31.46111405,120.43645914,14.106889
1757074486.000000,22.008083,211.782406,-0.030982,0.073972,-0.075682,0.756569,0.645293,12.123,0.817,98.990,1.114705,8.704321,0.023141,-0.512256,0.070943,0.068644,-0.001777,-0.000933,-0.008072,31.46119414,120.43647099,14.035111
1757074487.000000,23.111049,220.209115,-0.064871,0.070418,-0.079897,0.752359,0.650088,12.227,0.119,98.329,1.138292,8.618611,-0.020216,-0.520242,0.068032,0.070657,-0.001764,-0.000837,-0.007524,31.46127014,120.43648260,14.001516
1757074488.000000,24.301385,229.104357,-0.114816,0.065383,-0.069416,0.747315,0.657592,10.938,0.368,97.273,1.180797,8.441264,-0.029489,-0.525256,0.057843,0.071733,-0.001563,-0.001266,-0.006788,31.46135037,120.43649512,13.951892
1757074489.000000,25.422297,237.232361,-0.045324,0.062563,-0.079302,0.706227,0.700743,11.522,-1.305,90.578,1.105305,8.093762,-0.016076,-0.503194,0.086096,0.066659,-0.000377,-0.000997,-0.002678,31.46142367,120.43650692,14.021690
1757074490.000000,26.529980,245.314978,0.056363,0.060193,-0.081086,0.709699,0.697230,11.485,-1.583,91.175,1.058226,7.779019,0.034033,-0.479211,0.125813,0.061396,-0.000402,-0.000772,-0.002766,31.46149657,120.43651857,14.123691
1757074491.000000,27.620152,252.833857,-0.040693,0.063172,-0.082560,0.694163,0.712271,11.812,-1.714,88.702,1.096058,7.569619,-0.003030,-0.509043,0.077590,0.067927,-0.000572,-0.000915,-0.001849,31.46156438,120.43653004,14.026938
1757074492.000000,28.784349,260.470997,-0.009030,0.062906,-0.079464,0.672626,0.733010,11.491,-1.826,85.264,1.146339,7.381136,-0.003899,-0.503041,0.092749,0.066757,-0.000484,-0.000984,-0.000168,31.46163326,120.43654229,14.058917
1757074493.000000,29.893364,267.640172,0.009986,0.066181,-0.075014,0.676449,0.729664,11.426,-1.142,85.780,1.149862,7.206143,0.023582,-0.522050,0.044725,0.070391,-0.000668,-0.001174,-0.000543,31.46169792,120.43655396,14.078238
1757074494.000000,30.965598,274.722298,-0.043224,0.065072,-0.075886,0.680315,0.726071,11.408,-1.241,86.397,1.053315,7.134128,-0.006983,-0.536772,0.027224,0.073648,-0.000548,-0.001264,-0.000802,31.46176179,120.43656524,14.025338
1757074495.000000,32.014970,281.747687,-0.048596,0.066106,-0.077227,0.674044,0.731663,11.590,-1.369,85.445,1.058288,6.987470,-0.006958,-0.535300,0.030672,0.073363,-0.000569,-0.001207,-0.000429,31.46182516,120.43657628,14.020282
1757074496.000000,33.135891,288.797668,-0.014277,0.061193,-0.075923,0.673516,0.732713,11.071,-1.652,85.339,1.126280,6.808623,-0.008003,-0.521317,0.052995,0.070428,-0.000484,-0.001248,-0.000626,31.46188874,120.43658808,14.054925
1757074497.000000,34.282185,295.305958,0.035166,0.063174,-0.073359,0.699296,0.708246,11.076,-0.891,89.358,1.152686,6.450724,-0.022276,-0.505209,0.085772,0.067164,-0.000927,-0.001063,-0.002583,31.46194744,120.43660014,14.104676
1757074498.000000,35.431453,301.666600,-0.096150,0.067467,-0.075760,0.715370,0.691343,11.636,-0.471,92.005,1.085957,5.973929,-0.039215,-0.526858,0.051443,0.071752,-0.001130,-0.000953,-0.003611,31.46200480,120.43661223,13.973667
1757074499.000000,36.385459,307.366181,-0.027225,0.058590,-0.077493,0.704314,0.703210,11.048,-1.516,90.237,0.902459,5.533566,-0.038306,-0.510097,0.077194,0.068163,-0.000745,-0.001049,-0.002236,31.46205621,120.43662227,14.042872
1757074500.000000,37.235543,312.850813,0.069760,0.062162,-0.079652,0.709107,0.697824,11.524,-1.318,91.052,0.759723,5.198429,-0.032130,-0.490507,0.112778,0.064070,-0.000731,-0.000798,-0.002149,31.46210567,120.43663121,14.140131
1757074501.000000,37.984964,317.837495,-0.081979,0.064741,-0.076680,0.670463,0.735125,11.424,-1.486,84.881,0.743892,5.030982,-0.028938,-0.507735,0.083280,0.067647,-0.000629,-0.000959,0.000603,31.46215065,120.43663910,13.988647
1757074502.000000,38.654155,322.799855,-0.081302,0.060836,-0.076789,0.677831,0.728662,11.119,-1.687,86.025,0.629370,4.900733,-0.021265,-0.502148,0.090633,0.066464,-0.000413,-0.001070,0.000272,31.46219540,120.43664614,13.989579
1757074503.000000,39.268972,327.603897,-0.175000,0.065078,-0.075711,0.682915,0.723643,11.399,-1.186,86.801,0.573346,4.693416,-0.030049,-0.503223,0.064128,0.066403,-0.000565,-0.000952,-0.000000,31.46223873,120.43665261,13.896133
1757074504.000000,39.832636,332.177146,-0.253082,0.066849,-0.075601,0.686930,0.719683,11.544,-0.973,87.431,0.587737,4.488301,-0.036826,-0.507984,0.038315,0.067141,-0.000648,-0.001077,-0.000343,31.46227998,120.43665854,13.818293
1757074505.000000,40.403081,336.389244,-0.325851,0.063814,-0.072562,0.691175,0.716198,11.054,-0.901,88.050,0.592159,4.175364,-0.042482,-0.513858,0.032203,0.068406,-0.000728,-0.001295,-0.000687,31.46231796,120.43666454,13.745751
1757074506.000000,40.956043,340.300267,-0.274117,0.062609,-0.076004,0.683821,0.722974,11.217,-1.391,86.948,0.550947,3.651033,-0.041738,-0.503634,0.043813,0.066220,-0.000551,-0.001187,-0.000132,31.46235324,120.43667036,13.797698
1757074507.000000,41.389668,343.576082,-0.213264,0.057831,-0.080996,0.662912,0.742053,11.151,-2.495,83.796,0.417352,3.070680,-0.033745,-0.493857,0.071982,0.064393,-0.000146,-0.001129,0.001185,31.46238278,120.43667492,13.858731
1757074508.000000,41.754951,346.274171,-0.244270,0.059953,-0.082941,0.660199,0.744086,11.474,-2.537,83.418,0.307859,2.387070,-0.054292,-0.489450,0.071607,0.063422,-0.000142,-0.000951,0.001352,31.46240712,120.43667877,13.827875
1757074509.000000,42.008112,348.313727,-0.223388,0.054688,-0.079624,0.663188,0.742193,10.777,-2.617,83.812,0.222905,1.801865,-0.051633,-0.479414,0.100607,0.061610,-0.000086,-0.001029,0.001308,31.46242551,120.43668143,13.848871
1757074510.000000,42.207769,349.803575,-0.270843,0.061915,-0.089924,0.638163,0.762120,12.093,-3.327,80.235,0.191809,1.468578,-0.063227,-0.476373,0.130043,0.061366,-0.000040,-0.000516,0.002653,31.46243895,120.43668353,13.801500
1757074511.000000,42.392747,351.300883,-0.279143,0.058820,-0.089538,0.647528,0.754474,11.834,-3.379,81.626,0.167958,1.671032,-0.037586,-0.469453,0.187559,0.060689,-0.000001,-0.000539,0.002247,31.46245245,120.43668548,13.793285
1757074512.000000,42.650754,353.392345,-0.356143,0.062434,-0.093867,0.620135,0.776353,12.349,-3.917,77.658,0.339620,2.605535,0.007050,-0.474320,0.153319,0.061283,0.000121,-0.000386,0.003552,31.46247131,120.43668819,13.716402
1757074513.000000,43.083729,356.811031,-0.357252,0.053534,-0.084286,0.622471,0.776247,10.861,-3.681,77.802,0.516779,3.951673,0.006744,-0.472762,0.146921,0.060863,0.000165,-0.001057,0.003427,31.46250215,120.43669275,13.715488
1757074514.000000,43.643713,361.189619,-0.272617,0.048789,-0.083979,0.615575,0.782071,10.379,-4.088,76.785,0.605575,4.691564,0.035106,-0.469705,0.172678,0.060477,0.000359,-0.001140,0.003685,31.46254164,120.43669864,13.800376
1757074515.000000,44.283895,366.178937,-0.290052,0.050234,-0.085074,0.614563,0.782656,10.583,-4.096,76.659,0.674467,5.403292,0.073274,-0.472517,0.149984,0.060874,0.000348,-0.001217,0.003631,31.46258664,120.43670538,13.783234
1757074516.000000,44.986067,371.900715,-0.072883,0.049239,-0.083857,0.611360,0.785355,10.389,-4.101,76.171,0.739733,5.758184,0.061602,-0.461329,0.152546,0.058500,0.000480,-0.001170,0.003815,31.46263824,120.43671277,14.000742
1757074517.000000,45.716383,377.628171,0.008139,0.032687,-0.092927,0.561897,0.821321,9.160,-6.656,69.289,0.958411,5.684606,0.087902,-0.461550,0.138673,0.058386,0.001360,-0.001350,0.004828,31.46268990,120.43672045,14.082109
1757074518.000000,47.059345,383.085971,0.098898,0.019601,-0.093741,0.493495,0.864460,7.338,-8.206,59.969,1.681098,5.006645,0.132967,-0.459676,0.090357,0.057351,0.001387,-0.001666,0.004072,31.46273912,120.43673458,14.173206
1757074519.000000,49.266477,387.696669,0.258890,0.008914,-0.091160,0.364291,0.926770,4.822,-9.351,43.312,2.795751,4.096218,0.015371,-0.454359,0.039328,0.055559,0.001269,-0.001769,0.003675,31.46278070,120.43675780,14.333496
1757074520.000000,52.811148,391.228425,0.237100,0.010997,-0.079093,0.187575,0.978999,2.969,-8.670,21.918,4.049744,2.969329,0.094780,-0.458106,-0.005733,0.055616,0.000858,-0.001943,0.003707,31.46281256,120.43679510,14.311952
1757074521.000000,57.458536,393.464600,0.200556,0.010452,-0.075743,0.036398,0.996408,1.527,-8.637,4.299,5.331313,1.778159,-0.008185,-0.457791,-0.072272,0.054592,0.000544,-0.001924,0.004028,31.46283272,120.43684400,14.275587
1757074522.000000,63.372298,394.513793,0.207597,0.009229,-0.084396,-0.051747,0.995045,0.560,-9.724,-5.906,6.469371,0.698436,-0.021100,-0.459066,-0.016622,0.055686,0.000383,-0.001453,0.003819,31.46284219,120.43690623,14.282750
1757074523.000000,70.319256,394.894760,0.172525,0.018328,-0.086163,-0.065855,0.993933,1.460,-10.003,-7.454,7.281934,0.162008,-0.021107,-0.459780,-0.009948,0.055945,0.000010,-0.001256,0.003363,31.46284562,120.43697932,14.247774
1757074524.000000,77.918675,395.118405,0.159415,0.005349,-0.096419,-0.062911,0.993336,179.912,-168.917,172.744,8.035652,0.094097,0.020876,-0.458208,-0.029971,0.055293,0.000470,-0.000864,0.003092,31.46284764,120.43705928,14.234766
1757074525.000000,86.229618,395.259386,0.078506,-0.003783,-0.098067,-0.067977,0.992848,178.782,-168.801,172.047,8.724896,0.045505,0.022084,-0.456589,-0.046577,0.054864,0.000757,-0.000747,0.003027,31.46284891,120.43714673,14.153973
1757074526.000000,95.565772,395.222571,0.047851,0.000214,-0.093773,-0.070289,0.993109,179.256,-169.264,171.833,9.283854,0.045179,0.042016,-0.455124,-0.060427,0.054470,0.000715,-0.000965,0.003118,31.46284858,120.43724496,14.123448
1757074527.000000,104.832776,395.277561,-0.031033,0.005651,-0.094122,-0.054094,0.994074,0.061,-10.821,-6.224,9.497810,0.170362,0.071406,-0.453335,-0.073861,0.054027,0.000557,-0.000889,0.002815,31.46284907,120.43734247,14.044714
1757074528.000000,114.478297,395.503967,-0.104700,0.005597,-0.098056,-0.050722,0.993872,0.069,-11.273,-5.836,9.601090,0.281143,0.167365,-0.451814,-0.081387,0.053765,0.000653,-0.000934,0.002900,31.46285111,120.43744396,13.971226
1757074529.000000,123.790147,395.858276,-0.063251,0.006175,-0.097487,-0.058504,0.993497,0.050,-11.211,-6.735,9.626582,0.320028,0.130634,-0.450904,-0.082165,0.053613,0.000942,-0.000671,0.002999,31.46285431,120.43754193,14.012871
1757074530.000000,133.857658,396.145943,-0.164646,-0.003442,-0.101662,-0.068585,0.992446,178.785,-168.386,171.970,9.675946,0.225951,0.060674,-0.451819,-0.104786,0.053527,0.001082,-0.000537,0.002986,31.46285690,120.43764786,13.911697
1757074531.000000,143.559714,396.290619,-0.122011,-0.006171,-0.097797,-0.077002,0.992204,178.405,-168.865,170.969,9.772683,0.136801,0.036496,-0.453213,-0.103083,0.053780,0.001129,-0.000663,0.002928,31.46285820,120.43774995,13.954552
1757074532.000000,153.542980,396.265008,0.000101,0.002210,-0.097285,-0.091843,0.991007,179.212,-168.859,169.334,9.808644,0.066715,0.120683,-0.451820,-0.082452,0.053896,0.000706,-0.000819,0.003438,31.46285797,120.43785499,14.076895
1757074533.000000,163.433101,396.154118,0.064337,0.006811,-0.097843,-0.071955,0.992574,179.967,-168.743,171.704,9.663790,0.086746,0.098157,-0.451060,-0.064690,0.054114,0.000543,-0.000741,0.003014,31.46285697,120.43795905,14.141369
1757074534.000000,173.014567,396.355108,0.146824,0.003446,-0.099086,-0.061359,0.993179,179.689,-168.624,172.899,9.550150,0.153308,0.091469,-0.448446,-0.065399,0.053739,0.000747,-0.000697,0.002832,31.46285878,120.43805987,14.224122
1757074535.000000,182.371261,396.649846,0.262546,-0.001103,-0.102363,-0.066166,0.992544,179.079,-168.284,172.278,9.450823,0.239638,0.027813,-0.448840,-0.075541,0.053580,0.001041,-0.000627,0.002825,31.46286144,120.43815832,14.340122
1757074536.000000,192.028604,396.847694,0.208776,-0.007560,-0.095547,-0.071627,0.992816,178.325,-169.127,171.588,9.351279,0.187755,0.109251,-0.445433,-0.073886,0.053146,0.000871,-0.000861,0.002859,31.46286322,120.43825993,14.286648
1757074537.000000,201.230949,397.011198,0.178616,-0.009592,-0.097174,-0.074408,0.992436,178.044,-168.963,171.236,9.234504,0.139486,0.067083,-0.442468,-0.083367,0.052477,0.000952,-0.000793,0.002696,31.46286469,120.43835676,14.256782
1757074538.000000,210.705697,396.974919,-0.002312,-0.001178,-0.096294,-0.083551,0.991839,178.924,-168.999,170.266,9.105199,-0.133279,0.024088,-0.436008,-0.089775,0.051392,0.000539,-0.000807,0.002565,31.46286436,120.43845645,14.076157
1757074539.000000,219.434460,396.717302,-0.073357,-0.008429,-0.096458,-0.109676,0.989240,177.792,-169.106,167.136,8.984614,-0.573624,-0.001791,-0.431917,-0.089453,0.050806,0.000685,-0.000910,0.002423,31.46286204,120.43854829,14.005390
1757074540.000000,228.416631,395.938449,-0.043656,-0.003919,-0.089491,-0.143751,0.985551,178.053,-169.906,163.231,8.922683,-1.038300,0.024488,-0.432443,-0.090759,0.050847,0.000560,-0.001083,0.002651,31.46285501,120.43864280,14.035358
1757074541.000000,237.269340,394.798102,0.051877,-0.002406,-0.094777,-0.153299,0.983621,178.029,-169.297,162.099,8.846406,-1.274027,0.041943,-0.433554,-0.091770,0.050943,0.000400,-0.000798,0.002584,31.46284473,120.43873595,14.131142
1757074542.000000,245.965430,393.313632,-0.063910,0.003434,-0.098723,-0.155257,0.982923,178.603,-168.747,161.911,8.745948,-1.366626,0.051585,-0.430094,-0.085630,0.050620,0.000265,-0.000737,0.002783,31.46283134,120.43882745,14.015591
1757074543.000000,254.662589,392.068071,-0.142159,-0.004043,-0.095586,-0.143643,0.984994,177.933,-169.214,163.211,8.766315,-1.114190,0.081567,-0.427092,-0.074896,0.050475,0.000536,-0.000807,0.002850,31.46282010,120.43891896,13.937606
1757074544.000000,263.324717,391.091994,-0.290432,-0.010026,-0.096641,-0.129451,0.986814,177.385,-169.156,164.805,8.786267,-0.888311,0.001720,-0.423177,-0.064167,0.050125,0.000740,-0.000823,0.002769,31.46281130,120.43901010,13.789624
1757074545.000000,271.861170,390.438784,-0.134744,-0.013096,-0.100422,-0.122891,0.987239,177.046,-168.752,165.518,8.784232,-0.642237,0.009679,-0.425572,-0.076368,0.050152,0.000690,-0.000782,0.002842,31.46280540,120.43909992,13.945629
1757074546.000000,280.754047,389.857654,-0.190621,-0.007705,-0.099128,-0.115474,0.988322,177.773,-168.804,166.453,8.619385,-0.474742,0.044168,-0.425194,-0.067284,0.050388,0.000502,-0.000874,0.002811,31.46280016,120.43919349,13.890101
1757074547.000000,289.160118,389.472360,-0.164219,-0.005486,-0.098666,-0.109721,0.989038,178.101,-168.816,167.153,8.459301,-0.414864,0.021750,-0.425784,-0.065189,0.050564,0.000424,-0.000828,0.002748,31.46279668,120.43928194,13.916855
1757074548.000000,297.583226,388.845636,-0.265751,-0.008029,-0.094610,-0.101214,0.990323,177.956,-169.294,168.137,8.264381,-0.595749,0.048609,-0.424064,-0.054366,0.050666,0.000496,-0.001018,0.001945,31.46279103,120.43937056,13.815672
1757074549.000000,305.375445,388.263847,-0.226248,-0.001530,-0.094672,-0.107614,0.989674,178.635,-169.219,167.460,7.976680,-0.644443,0.060644,-0.424288,-0.054559,0.050707,0.000239,-0.000964,0.002003,31.46278578,120.43945255,13.855507
1757074550.000000,313.594558,387.616869,-0.106513,-0.002183,-0.095560,-0.101400,0.990243,178.617,-169.117,168.175,7.955560,-0.638670,0.062835,-0.423993,-0.061239,0.050417,0.000288,-0.000877,0.001889,31.46277994,120.43953903,13.975600
1757074551.000000,321.515993,387.083862,-0.033579,-0.003087,-0.099625,-0.100934,0.989888,178.467,-168.661,168.204,7.972038,-0.474851,0.125418,-0.424583,-0.054480,0.050697,0.000298,-0.000834,0.002153,31.46277513,120.43962238,14.048896
1757074552.000000,329.558295,386.566193,-0.112803,-0.005216,-0.095983,-0.108962,0.989387,178.177,-169.118,167.257,7.945585,-0.487818,0.095371,-0.424570,-0.044232,0.051109,0.000322,-0.000926,0.002373,31.46277046,120.43970700,13.970050
1757074553.000000,337.397839,385.983770,-0.138264,-0.004722,-0.096495,-0.117558,0.988356,178.131,-169.069,166.255,7.965293,-0.625531,0.051518,-0.424833,-0.035932,0.051447,0.000258,-0.000946,0.002439,31.46276521,120.43978949,13.944963
1757074554.000000,345.602334,385.297023,-0.149947,0.000299,-0.090907,-0.120648,0.988524,178.757,-169.642,165.970,8.076791,-0.682112,0.080640,-0.425182,-0.030042,0.051704,0.000283,-0.001145,0.002519,31.46275901,120.43987581,13.933677
1757074555.000000,353.650991,384.693588,-0.059209,-0.003935,-0.096730,-0.106920,0.989543,178.338,-169.012,167.506,8.103838,-0.608281,-0.036781,-0.425393,-0.035337,0.051569,0.000300,-0.000879,0.002280,31.46275357,120.43996050,14.024818
1757074556.000000,361.729464,384.182222,-0.089675,-0.009634,-0.096974,-0.095544,0.990643,177.804,-169.030,168.771,8.136649,-0.440689,-0.030205,-0.425222,-0.034707,0.051559,0.000520,-0.000826,0.002070,31.46274895,120.44004550,13.994774
1757074557.000000,369.948421,383.625296,-0.099070,-0.003687,-0.091295,-0.087350,0.991979,178.645,-169.602,169.812,8.207182,-0.626613,0.004018,-0.425242,-0.033368,0.051612,0.000522,-0.001058,0.001329,31.46274393,120.44013198,13.985817
1757074558.000000,378.544245,382.838537,-0.075829,0.004308,-0.091537,-0.089285,0.991781,179.545,-169.494,169.670,8.243443,-0.735872,-0.085113,-0.425178,-0.037588,0.051456,-0.000024,-0.001156,0.001551,31.46273683,120.44022242,14.009514
1757074559.000000,386.896076,382.267058,-0.115834,-0.001928,-0.096807,-0.081981,0.991919,178.850,-168.946,170.439,8.293933,-0.622431,-0.060155,-0.425161,-0.038849,0.051411,0.000104,-0.000910,0.001420,31.46273167,120.44031030,13.969975
1757074560.000000,395.367631,381.634369,-0.025540,-0.010591,-0.094136,-0.087948,0.991611,177.810,-169.349,169.659,8.372294,-0.597554,-0.097611,-0.424716,-0.048395,0.051008,0.000352,-0.000919,0.001474,31.46272596,120.44039943,14.060749
1757074561.000000,403.706901,380.979580,-0.072059,-0.005297,-0.095372,-0.082647,0.991991,178.467,-169.144,170.329,8.536116,-0.666667,-0.173769,-0.425053,-0.052117,0.050958,0.000364,-0.000966,0.001206,31.46272005,120.44048718,14.014713
1757074562.000000,412.497464,380.259915,-0.156263,-0.001733,-0.097895,-0.083640,0.991674,178.843,-168.821,170.245,8.730641,-0.676588,-0.041268,-0.425555,-0.053777,0.051005,0.000243,-0.001087,0.001334,31.46271356,120.44057967,13.931027
1757074563.000000,421.229960,379.628224,-0.417381,-0.003200,-0.097922,-0.090172,0.991095,178.598,-168.842,169.466,8.900911,-0.629011,-0.051821,-0.426113,-0.041547,0.051489,0.000529,-0.000963,0.001644,31.46270786,120.44067155,13.670442
1757074564.000000,430.396537,379.069016,-0.578978,-0.008253,-0.105481,-0.080945,0.991087,178.041,-168.010,170.456,9.082075,-0.517646,-0.030824,-0.427193,-0.035580,0.051881,0.000678,-0.000678,0.001481,31.46270281,120.44076800,13.509423
1757074565.000000,439.674774,378.549625,-0.595583,-0.003645,-0.096347,-0.069189,0.992933,178.799,-168.999,171.912,9.267729,-0.513357,-0.044796,-0.427401,-0.037840,0.051845,0.000468,-0.000875,0.001236,31.46269812,120.44086563,13.493419
1757074566.000000,449.064753,378.082102,-0.627882,0.000432,-0.101563,-0.046792,0.993728,179.494,-168.352,174.557,9.421271,-0.478678,0.057119,-0.426636,-0.033716,0.051823,0.000354,-0.000805,0.000637,31.46269390,120.44096443,13.461745
1757074567.000000,458.272660,377.644048,-0.561556,-0.006588,-0.090659,-0.061344,0.993969,178.589,-169.664,172.809,9.553240,-0.584827,-0.036875,-0.427113,-0.036284,0.051830,0.000433,-0.000965,0.000801,31.46268995,120.44106131,13.528699
1757074568.000000,467.941795,376.872660,-0.544824,-0.002049,-0.098092,-0.064655,0.993073,179.021,-168.781,172.454,9.692177,-0.753645,0.010130,-0.426550,-0.034458,0.051777,0.000213,-0.000823,0.000744,31.46268299,120.44116305,13.546087
1757074569.000000,477.285082,376.182952,-0.486521,-0.006274,-0.095182,-0.058739,0.993706,178.620,-169.139,173.103,9.806106,-0.773578,-0.021352,-0.426875,-0.037846,0.051733,0.000361,-0.000923,0.000496,31.46267676,120.44126136,13.605041
1757074570.000000,487.140331,375.549431,-0.217814,0.002634,-0.092608,-0.050297,0.994428,179.762,-169.371,174.187,9.923334,-0.737190,-0.055339,-0.426491,-0.054497,0.051144,0.000183,-0.000915,0.000457,31.46267105,120.44136505,13.874454
1757074571.000000,496.968150,374.888181,-0.090875,-0.000007,-0.094582,-0.063641,0.993481,179.297,-169.168,172.603,10.029120,-0.711404,-0.138062,-0.426932,-0.064986,0.050891,0.000298,-0.000884,0.000797,31.46266508,120.44146846,14.002111
1757074572.000000,506.977772,374.138072,-0.102304,-0.002770,-0.097106,-0.063890,0.993217,178.954,-168.899,172.537,10.089311,-0.731882,-0.091786,-0.427690,-0.069681,0.050887,0.000287,-0.000948,0.000775,31.46265831,120.44157378,13.991425
1757074573.000000,517.067087,373.463273,-0.142555,-0.001487,-0.096113,-0.063939,0.993314,179.110,-169.003,172.548,10.166396,-0.687425,-0.140818,-0.428631,-0.073828,0.050933,0.000325,-0.000933,0.000814,31.46265222,120.44167994,13.951943
1757074574.000000,527.466540,372.780438,-0.214939,-0.003339,-0.095330,-0.063190,0.993432,178.910,-169.106,172.617,10.132153,-0.673052,-0.126999,-0.429619,-0.078354,0.050973,0.000351,-0.001035,0.000743,31.46264606,120.44178936,13.880369
1757074575.000000,537.365800,372.021299,-0.218989,0.002577,-0.097030,-0.060354,0.993447,179.615,-168.866,173.009,9.904136,-0.756879,-0.119084,-0.430545,-0.084247,0.050960,0.000167,-0.000923,0.000617,31.46263920,120.44189351,13.877101
1757074576.000000,547.107713,371.250299,-0.352025,0.001326,-0.094668,-0.052560,0.994120,179.573,-169.143,173.907,9.658140,-0.791401,-0.114459,-0.429968,-0.082290,0.050862,0.000180,-0.000941,0.000393,31.46263225,120.44199602,13.744846
1757074577.000000,556.686054,370.463523,-0.400688,-0.004921,-0.091253,-0.055114,0.994289,178.844,-169.577,173.549,9.420055,-0.766920,-0.159485,-0.430077,-0.085684,0.050751,0.000206,-0.001019,0.000423,31.46262515,120.44209680,13.696965
1757074578.000000,566.243358,369.634767,-0.535011,0.000083,-0.093516,-0.059552,0.993835,179.360,-169.287,173.082,9.011059,-0.716879,-0.105238,-0.428540,-0.082713,0.050496,0.000149,-0.000946,0.000576,31.46261767,120.44219736,13.563435
1757074578.000000,566.243358,369.634767,-0.535011,0.000083,-0.093516,-0.059552,0.993835,179.360,-169.287,173.082,9.011059,-0.716879,-0.105238,-0.428540,-0.082713,0.050496,0.000149,-0.000946,0.000576,31.46261767,120.44219736,13.563435
1757074580.000000,583.708703,368.380905,-0.575219,-0.009318,-0.103926,-0.053437,0.993105,178.266,-168.146,173.660,8.366848,-0.505273,0.060842,-0.427798,-0.084872,0.050251,0.000378,-0.000714,0.000436,31.46260635,120.44238113,13.524726
1757074581.000000,592.284689,367.701336,-0.470820,0.006518,-0.097661,-0.048584,0.994012,0.203,-11.232,-5.576,8.125291,-0.568706,0.066498,-0.428261,-0.086901,0.050275,0.000077,-0.000914,0.000392,31.46260022,120.44247136,13.629876
1757074582.000000,600.218778,367.121090,-0.263772,0.005788,-0.098133,-0.043569,0.994202,0.173,-11.282,-5.001,7.740307,-0.564532,-0.012765,-0.428762,-0.094931,0.050099,0.000052,-0.000854,0.000305,31.46259498,120.44255484,13.837631
1757074583.000000,607.946983,366.576158,-0.264174,0.006218,-0.100433,-0.032516,0.994393,0.341,-11.545,-3.711,7.539710,-0.511076,0.045947,-0.430024,-0.093506,0.050432,0.000224,-0.000901,0.000081,31.46259006,120.44263616,13.837928
1757074584.000000,615.630440,366.113352,-0.016479,0.003150,-0.099111,-0.021889,0.994831,0.113,-11.381,-2.510,7.321348,-0.433675,0.001558,-0.431038,-0.102894,0.050312,0.000263,-0.000910,-0.000170,31.46258588,120.44271700,14.086333
1757074585.000000,622.786490,365.687541,0.177183,0.003567,-0.094753,-0.022869,0.995232,0.161,-10.881,-2.617,7.193390,-0.435678,-0.022092,-0.431340,-0.110566,0.050094,0.000206,-0.001007,-0.000181,31.46258204,120.44279229,14.280664
1757074586.000000,629.925766,365.250478,0.269860,0.005318,-0.092243,-0.021981,0.995480,0.381,-10.596,-2.495,7.026877,-0.422663,-0.026020,-0.431707,-0.115089,0.050002,0.000112,-0.001116,-0.000179,31.46257809,120.44286741,14.374016
1757074587.000000,636.674255,364.782124,0.323902,0.011308,-0.090142,-0.015189,0.995749,1.152,-10.362,-1.643,6.593950,-0.526718,0.005861,-0.430662,-0.117292,0.049694,-0.000023,-0.001142,-0.000441,31.46257386,120.44293842,14.428700
1757074588.000000,642.909600,364.204927,0.360334,0.018155,-0.082308,0.003997,0.996434,2.140,-9.432,0.636,5.560133,-0.558790,0.081357,-0.433280,-0.118404,0.050210,-0.000161,-0.001481,-0.000916,31.46256865,120.44300403,14.465724
1757074589.000000,647.595067,363.910025,0.412907,0.007506,-0.101992,-0.028394,0.994352,0.535,-11.728,-3.216,4.563026,-0.279972,0.078453,-0.432342,-0.120434,0.049925,0.000420,-0.000809,-0.000088,31.46256599,120.44305332,14.518754
1757074590.000000,651.960077,363.649062,0.397891,-0.002531,-0.108480,-0.050774,0.992798,179.059,-167.576,174.042,4.187572,-0.380253,0.047755,-0.434897,-0.119982,0.050484,0.000368,-0.000665,0.000123,31.46256364,120.44309925,14.504167
1757074591.000000,655.969930,363.108872,0.416724,-0.021801,-0.100890,-0.080919,0.991362,176.518,-168.667,170.322,3.743970,-0.874842,0.023951,-0.434436,-0.120143,0.050398,0.000840,-0.000810,-0.001151,31.46255876,120.44314144,14.523380
1757074592.000000,659.344793,361.583440,0.479634,-0.049349,-0.098784,-0.245349,0.963125,171.631,-170.441,150.716,2.842580,-1.843343,0.012181,-0.431126,-0.119739,0.049659,0.001110,-0.001002,-0.001807,31.46254500,120.44317695,14.586550
1757074593.000000,661.495286,359.038288,0.424664,-0.045606,-0.090804,-0.470608,0.876472,170.413,-173.324,122.974,1.684260,-2.916926,-0.029397,-0.432246,-0.117490,0.049884,0.000752,-0.000911,-0.001980,31.46252205,120.44319958,14.531657
1757074594.000000,662.398681,355.633276,0.371756,-0.043541,-0.093226,-0.618751,0.778820,169.400,-174.760,102.581,0.623071,-3.806121,-0.090874,-0.434705,-0.115980,0.050289,0.000262,-0.000531,-0.002034,31.46249134,120.44320908,14.478650
1757074595.000000,662.378869,351.350770,0.329116,-0.037161,-0.102740,-0.662267,0.741260,168.919,-174.083,95.868,-0.240391,-4.717404,-0.120457,-0.431443,-0.108773,0.049430,-0.000079,-0.000107,-0.002291,31.46245271,120.44320887,14.435768
1757074596.000000,661.881084,346.287376,0.264424,-0.037070,-0.099949,-0.675898,0.729244,169.044,-174.510,93.822,-0.744116,-5.685033,-0.125418,-0.428769,-0.104575,0.048754,-0.000029,-0.000111,-0.002340,31.46240705,120.44320363,14.370745
1757074597.000000,661.039129,340.082251,0.180333,-0.044575,-0.087589,-0.686235,0.720710,169.347,-176.269,92.459,-1.029772,-6.568915,-0.128643,-0.427567,-0.102995,0.048422,0.000316,-0.000308,-0.002193,31.46235108,120.44319477,14.286229
1757074598.000000,660.064215,333.034510,-0.006415,-0.047221,-0.088339,-0.663052,0.741842,169.184,-176.075,96.048,-1.196709,-7.146808,-0.135735,-0.433324,-0.095807,0.049651,0.000641,-0.000193,-0.002964,31.46228752,120.44318450,14.099004
1757074599.000000,658.752571,325.548544,-0.119435,-0.056899,-0.083660,-0.686319,0.720229,168.640,-177.570,92.520,-1.224446,-7.811110,-0.115003,-0.431345,-0.091130,0.049041,0.000765,-0.000133,-0.002247,31.46222001,120.44317070,13.985458
1757074600.000000,657.460967,317.382516,-0.203437,-0.057709,-0.079659,-0.689102,0.717958,168.886,-178.003,92.155,-1.272203,-8.458621,-0.087080,-0.435444,-0.086605,0.049797,0.000780,-0.000250,-0.002146,31.46214636,120.44315710,13.900908
1757074601.000000,656.167895,308.769634,-0.274125,-0.048534,-0.079864,-0.676641,0.730358,169.676,-177.078,94.109,-1.418914,-8.999070,-0.092483,-0.437181,-0.083205,0.049994,0.000686,-0.000420,-0.002508,31.46206868,120.44314349,13.829659
1757074602.000000,654.884644,299.821538,-0.210372,-0.057686,-0.073493,-0.663676,0.742162,169.440,-178.137,96.219,-1.451586,-9.203716,-0.044973,-0.438365,-0.080674,0.050058,0.000798,-0.000383,-0.002892,31.46198798,120.44312998,13.892848
1757074603.000000,653.545383,290.850834,-0.174844,-0.057245,-0.076441,-0.659290,0.745800,169.262,-177.791,96.839,-1.515944,-9.392642,-0.071156,-0.442176,-0.081345,0.050706,0.000718,-0.000315,-0.003019,31.46190707,120.44311589,13.927818
1757074604.000000,651.961659,281.266555,-0.136332,-0.061304,-0.075833,-0.658194,0.746506,168.962,-178.136,97.015,-1.518892,-9.535873,-0.050895,-0.442358,-0.078228,0.050559,0.000785,-0.000251,-0.003079,31.46182063,120.44309922,13.965735
1757074605.000000,650.302356,271.913085,-0.044041,-0.057719,-0.078178,-0.656802,0.747776,169.095,-177.645,97.187,-1.622462,-9.619421,-0.022325,-0.442016,-0.072964,0.050272,0.000622,-0.000299,-0.003080,31.46173628,120.44308175,14.057446
1757074606.000000,648.579114,262.169427,0.011553,-0.056899,-0.077239,-0.656853,0.747891,169.238,-177.663,97.196,-1.680207,-9.552393,-0.026152,-0.440713,-0.069624,0.049944,0.000625,-0.000336,-0.003049,31.46164840,120.44306361,14.112452
1757074607.000000,646.897778,252.758659,0.072232,-0.059892,-0.070286,-0.659092,0.746371,169.507,-178.512,96.970,-1.625210,-9.253374,-0.026532,-0.440757,-0.067126,0.049833,0.000750,-0.000409,-0.002942,31.46156352,120.44304592,14.172575
1757074608.000000,645.249317,243.426962,0.097955,-0.060878,-0.070397,-0.657557,0.747634,169.417,-178.556,97.202,-1.539050,-8.922350,-0.010874,-0.440582,-0.065197,0.049734,0.000765,-0.000427,-0.002913,31.46147936,120.44302857,14.197764
1757074609.000000,643.753415,234.686582,0.117566,-0.063002,-0.069905,-0.654099,0.750533,169.277,-178.710,97.734,-1.435029,-8.580674,0.012048,-0.440561,-0.064429,0.049702,0.000789,-0.000455,-0.002915,31.46140053,120.44301282,14.216892
1757074610.000000,642.387273,226.420909,0.154015,-0.064772,-0.068501,-0.649946,0.754111,169.236,-178.905,98.383,-1.311671,-8.205017,0.019433,-0.440658,-0.063870,0.049703,0.000829,-0.000464,-0.002947,31.46132599,120.44299844,14.252900
1757074611.000000,641.065958,218.382103,0.181827,-0.062030,-0.071193,-0.646339,0.757185,169.278,-178.417,98.883,-1.204549,-7.817102,-0.024003,-0.440957,-0.063544,0.049702,0.000716,-0.000472,-0.002926,31.46125349,120.44298453,14.280295
1757074612.000000,639.931847,210.776911,0.145455,-0.066247,-0.074255,-0.643839,0.758662,168.685,-178.432,99.205,-1.097521,-7.435914,-0.023152,-0.441529,-0.063121,0.049880,0.000737,-0.000341,-0.002865,31.46118490,120.44297260,14.243550
1757074613.000000,638.797398,203.390211,0.120024,-0.067767,-0.078735,-0.654225,0.749131,168.191,-178.321,97.564,-1.089247,-7.396363,-0.012341,-0.442518,-0.062659,0.050090,0.000566,-0.000184,-0.002504,31.46111828,120.44296065,14.217762
1757074614.000000,637.685737,195.707025,0.239080,-0.067468,-0.083860,-0.684622,0.720908,167.749,-178.365,92.782,-1.171327,-7.928584,-0.013009,-0.447060,-0.061568,0.050773,0.000267,-0.000048,-0.001451,31.46104898,120.44294895,14.336463
1757074615.000000,636.410551,187.412972,0.238377,-0.061774,-0.082937,-0.694587,0.711937,168.271,-178.150,91.223,-1.359213,-8.725238,0.000103,-0.447552,-0.061116,0.050872,0.000085,-0.000287,-0.001153,31.46097418,120.44293553,14.335380
1757074616.000000,634.960214,178.426595,0.207201,-0.052787,-0.080223,-0.696111,0.711482,169.225,-177.670,91.031,-1.573584,-9.496386,-0.013102,-0.446287,-0.060324,0.050722,-0.000047,-0.000499,-0.001130,31.46089313,120.44292026,14.303797
1757074617.000000,633.300092,168.724731,0.175298,-0.054939,-0.080343,-0.696493,0.710932,169.037,-177.839,90.968,-1.741566,-10.119084,-0.028367,-0.446143,-0.060170,0.050704,0.000021,-0.000419,-0.001116,31.46080563,120.44290279,14.271461
1757074618.000000,631.429712,158.015301,0.109820,-0.054104,-0.085291,-0.696748,0.710169,168.703,-177.378,90.834,-1.891720,-10.891698,-0.002196,-0.444093,-0.058965,0.050418,-0.000019,-0.000320,-0.001097,31.46070905,120.44288310,14.205519
1757074619.000000,629.517508,146.973933,0.095402,-0.057686,-0.082362,-0.697163,0.709826,168.646,-177.909,90.823,-1.999347,-11.649177,0.012513,-0.443013,-0.058244,0.050261,0.000014,-0.000352,-0.001107,31.46060947,120.44286298,14.190643
1757074620.000000,627.431560,134.848272,0.108588,-0.049245,-0.079116,-0.694408,0.713522,169.611,-177.449,91.324,-2.111711,-12.285160,0.032932,-0.441569,-0.057210,0.050037,-0.000179,-0.000613,-0.001115,31.46050011,120.44284102,14.203350
1757074621.000000,625.306222,122.674122,0.058117,-0.058856,-0.073200,-0.703114,0.704847,169.284,-178.830,90.031,-2.151687,-12.490366,-0.021136,-0.439998,-0.056009,0.049808,0.000142,-0.000473,-0.000791,31.46039031,120.44281865,14.152419
1757074622.000000,623.097392,109.789438,0.019789,-0.063311,-0.072281,-0.703855,0.703815,168.996,-179.277,89.927,-2.140042,-12.756499,-0.012996,-0.441036,-0.056507,0.050021,0.000264,-0.000437,-0.000776,31.46027411,120.44279540,14.113635
1757074623.000000,620.946477,96.919905,0.013550,-0.061795,-0.077013,-0.704310,0.702992,168.731,-178.783,89.773,-2.152353,-13.020862,0.001213,-0.442316,-0.057381,0.050229,0.000054,-0.000410,-0.000672,31.46015804,120.44277277,14.106974
1757074624.000000,618.765500,83.760485,0.061590,-0.061203,-0.075179,-0.702033,0.705515,168.933,-178.846,90.172,-2.186013,-13.272459,-0.017774,-0.444830,-0.059289,0.050587,0.000039,-0.000440,-0.000720,31.46003935,120.44274981,14.154610
1757074625.000000,616.625110,70.916183,0.069199,-0.059624,-0.075287,-0.701028,0.706638,169.055,-178.693,90.331,-2.238959,-13.512457,0.001741,-0.445657,-0.059859,0.050717,0.000037,-0.000459,-0.000762,31.45992351,120.44272728,14.161851
1757074626.000000,614.373330,57.410808,0.104790,-0.058443,-0.071753,-0.701374,0.706760,169.438,-178.886,90.335,-2.286642,-13.624068,-0.006713,-0.447746,-0.061585,0.051051,0.000071,-0.000505,-0.000784,31.45980171,120.44270358,14.197084
1757074627.000000,612.106423,44.059896,0.111701,-0.060369,-0.069241,-0.701031,0.707190,169.486,-179.238,90.431,-2.302135,-13.411909,-0.005364,-0.448489,-0.062211,0.051164,0.000049,-0.000518,-0.000773,31.45968130,120.44267972,14.203666
1757074628.000000,609.856101,30.824362,-0.113092,-0.062671,-0.069911,-0.697804,0.710109,169.246,-179.322,90.938,-2.200125,-13.227950,-0.016939,-0.443388,-0.061183,0.050411,0.000128,-0.000542,-0.000799,31.45956193,120.44265604,13.978574
1757074629.000000,607.747653,17.875107,-0.153381,-0.058373,-0.068803,-0.692591,0.715665,169.695,-178.990,91.786,-2.081558,-12.928540,-0.144687,-0.444256,-0.062652,0.050506,0.000087,-0.000470,-0.000889,31.45944514,120.44263384,13.938031
1757074630.000000,605.622976,4.902623,-0.313713,-0.062013,-0.070801,-0.691980,0.715755,169.235,-179.110,91.851,-2.077629,-12.599911,-0.027915,-0.443018,-0.060729,0.050379,0.000012,-0.000344,-0.000842,31.45932815,120.44261148,13.777470
1757074631.000000,603.675674,-7.341424,-0.413348,-0.075390,-0.066560,-0.695528,0.711426,168.471,179.417,91.354,-1.973595,-12.237323,0.029911,-0.440749,-0.058059,0.050094,0.000303,-0.000292,-0.000823,31.45921772,120.44259099,13.677648
1757074632.000000,601.708116,-19.548337,-0.341165,-0.073086,-0.066435,-0.695844,0.711369,168.671,179.588,91.305,-1.890110,-11.866184,0.002433,-0.441853,-0.060185,0.050156,0.000186,-0.000383,-0.000809,31.45910763,120.44257028,13.749667
1757074633.000000,599.778409,-31.131193,-0.332226,-0.063243,-0.071278,-0.693213,0.714406,169.094,-179.189,91.648,-1.871041,-11.584088,-0.020027,-0.442371,-0.061697,0.050131,-0.000027,-0.000499,-0.000778,31.45900316,120.44254997,13.758467
1757074634.000000,597.856348,-42.793067,-0.231856,-0.056307,-0.066776,-0.690550,0.717991,170.031,-178.962,92.142,-1.787360,-11.253224,-0.093220,-0.443130,-0.063850,0.050116,-0.000065,-0.000460,-0.000812,31.45889798,120.44252974,13.858720
1757074635.000000,596.057818,-53.882678,-0.255023,-0.072577,-0.069827,-0.694383,0.712523,168.440,179.926,91.485,-1.797704,-10.820909,0.051908,-0.442993,-0.061932,0.050268,0.000206,-0.000346,-0.000782,31.45879797,120.44251081,13.835465
1757074636.000000,594.210194,-64.714942,-0.104476,-0.066068,-0.071499,-0.695624,0.711780,168.841,-179.435,91.260,-1.818238,-10.528373,0.029736,-0.444299,-0.063767,0.050394,0.000110,-0.000385,-0.000799,31.45870027,120.44249136,13.985938
1757074637.000000,592.432190,-74.961897,-0.103419,-0.063728,-0.072230,-0.696080,0.711473,168.974,-179.194,91.175,-1.752614,-10.177526,0.055856,-0.444696,-0.063260,0.050538,0.000101,-0.000460,-0.000775,31.45860786,120.44247265,13.986939
1757074638.000000,590.677239,-85.375173,-0.024947,-0.067611,-0.072450,-0.691679,0.715374,168.640,-179.420,91.872,-1.656047,-9.856488,0.082204,-0.447673,-0.064295,0.051161,0.000062,-0.000459,-0.000826,31.45851394,120.44245418,14.065376
1757074639.000000,589.028534,-95.051871,0.006246,-0.065971,-0.074773,-0.689629,0.717265,168.592,-179.068,92.158,-1.617229,-9.645694,0.059431,-0.449220,-0.064165,0.051563,-0.000033,-0.000397,-0.000835,31.45842667,120.44243682,14.096551
1757074640.000000,587.331663,-104.791638,-0.111890,-0.064779,-0.072628,-0.688390,0.718783,168.864,-179.128,92.390,-1.603771,-9.507459,0.058646,-0.448404,-0.060076,0.051697,-0.000116,-0.000478,-0.000856,31.45833883,120.44241897,13.978407
1757074641.000000,585.859830,-114.111485,-0.135529,-0.063776,-0.074982,-0.692417,0.714751,168.753,-178.919,91.712,-1.553877,-9.446188,0.079783,-0.449400,-0.058383,0.052094,-0.000150,-0.000483,-0.000675,31.45825477,120.44240347,13.954791
1757074642.000000,584.324879,-123.688527,-0.006080,-0.061646,-0.074115,-0.691951,0.715479,168.999,-178.811,91.801,-1.511497,-9.408877,0.051350,-0.451341,-0.059869,0.052430,-0.000181,-0.000580,-0.000613,31.45816840,120.44238732,14.084275
1757074642.000000,584.324879,-123.688527,-0.006080,-0.061646,-0.074115,-0.691951,0.715479,168.999,-178.811,91.801,-1.511497,-9.408877,0.051350,-0.451341,-0.059869,0.052430,-0.000181,-0.000580,-0.000613,31.45816840,120.44238732,14.084275
1757074642.000000,584.324879,-123.688527,-0.006080,-0.061646,-0.074115,-0.691951,0.715479,168.999,-178.811,91.801,-1.511497,-9.408877,0.051350,-0.451341,-0.059869,0.052430,-0.000181,-0.000580,-0.000613,31.45816840,120.44238732,14.084275
1757074644.000000,580.441599,-148.320941,0.439603,-0.062100,-0.074807,-0.684176,0.722807,168.920,-178.673,93.017,-1.447274,-9.553909,0.234223,-0.452593,-0.060561,0.052690,-0.000135,-0.000538,-0.000682,31.45794624,120.44234645,14.530123
1757074645.000000,579.042385,-157.353358,0.734581,-0.060439,-0.074710,-0.681148,0.725812,169.072,-178.504,93.493,-1.509984,-9.701251,0.233452,-0.453145,-0.061542,0.052793,-0.000136,-0.000502,-0.000823,31.45786478,120.44233172,14.825188
1757074646.000000,577.537215,-167.051229,0.775983,-0.061274,-0.075071,-0.689725,0.717558,168.957,-178.670,92.138,-1.640871,-9.883636,0.216196,-0.454723,-0.059459,0.053427,-0.000111,-0.000406,-0.000685,31.45777732,120.44231588,14.866698
1757074647.000000,575.944521,-176.548919,0.919028,-0.061823,-0.076341,-0.689795,0.717309,168.810,-178.612,92.104,-1.710673,-10.112875,0.243301,-0.455197,-0.058833,0.053681,-0.000249,-0.000286,-0.000677,31.45769166,120.44229911,15.009852
1757074648.000000,574.256314,-186.475821,1.067559,-0.060547,-0.076659,-0.686934,0.720124,168.896,-178.440,92.551,-1.768388,-10.240955,0.220579,-0.455498,-0.058231,0.053908,-0.000260,-0.000189,-0.000754,31.45760213,120.44228135,15.158511
1757074649.000000,572.611281,-196.072433,1.200179,-0.060090,-0.076566,-0.682252,0.724609,168.952,-178.340,93.288,-1.766662,-10.390240,0.226778,-0.455612,-0.057571,0.054108,-0.000274,-0.000100,-0.000830,31.45751558,120.44226403,15.291269
1757074650.000000,570.954307,-205.993051,1.298788,-0.056844,-0.072614,-0.679459,0.727895,169.543,-178.369,93.793,-1.754036,-10.250715,0.200636,-0.456015,-0.056692,0.054406,-0.000122,-0.000150,-0.000864,31.45742611,120.44224659,15.390040
1757074651.000000,569.448370,-215.265732,1.337046,-0.060812,-0.068521,-0.682874,0.724769,169.528,-179.068,93.324,-1.622585,-9.989434,0.211689,-0.456548,-0.055524,0.054787,0.000213,-0.000031,-0.000778,31.45734248,120.44223074,15.428468
1757074652.000000,567.849847,-225.030305,1.335818,-0.063790,-0.070512,-0.684613,0.722678,169.119,-179.165,93.019,-1.588600,-9.611153,0.199330,-0.458557,-0.054041,0.055558,0.000293,0.000064,-0.000740,31.45725441,120.44221392,15.427433
1757074653.000000,566.161295,-234.925375,1.336064,-0.070208,-0.072110,-0.691266,0.715557,168.453,-179.649,91.943,-1.552644,-9.356323,0.167253,-0.460149,-0.053142,0.056130,0.000142,-0.000382,-0.000580,31.45716517,120.44219615,15.427883
1757074654.000000,564.441255,-244.811228,1.213975,-0.065587,-0.074461,-0.706992,0.700226,168.630,-179.339,89.383,-1.621323,-9.257091,0.131790,-0.462535,-0.050720,0.057195,-0.000036,0.000039,-0.000055,31.45707601,120.44217805,15.306012
1757074655.000000,562.987843,-253.296018,1.035167,-0.069052,-0.075821,-0.704259,0.702497,168.239,-179.469,89.802,-1.579842,-9.273602,0.149192,-0.464109,-0.048923,0.058042,-0.000059,0.000350,-0.000016,31.45699949,120.44216275,15.127406
1757074656.000000,561.420386,-262.667441,0.888012,-0.064966,-0.074104,-0.703366,0.703963,168.713,-179.258,89.975,-1.558694,-9.482494,0.120815,-0.465132,-0.047508,0.058732,-0.000103,0.000204,0.000065,31.45691497,120.44214625,14.980490
1757074657.000000,559.962559,-271.671187,0.711583,-0.064024,-0.066380,-0.702355,0.705827,169.419,-179.784,90.263,-1.594190,-9.654677,0.048176,-0.465718,-0.046297,0.059307,0.000054,0.000090,-0.000047,31.45683376,120.44213091,14.804308
1757074658.000000,558.379979,-280.939855,0.569896,-0.061901,-0.072676,-0.700243,0.707493,169.083,-179.075,90.502,-1.656026,-9.526660,0.063411,-0.466236,-0.045581,0.059775,-0.000088,0.000293,-0.000153,31.45675017,120.44211425,14.662882
1757074659.000000,556.684521,-290.201709,0.411639,-0.069465,-0.070768,-0.709082,0.698118,168.618,-179.983,89.106,-1.765413,-9.427418,0.030980,-0.466735,-0.044868,0.060293,-0.000001,0.000442,-0.000028,31.45666664,120.44209641,14.504891
1757074660.000000,554.800692,-299.774649,0.201831,-0.065630,-0.074687,-0.715217,0.691794,168.601,-179.458,88.038,-1.856248,-9.491068,0.008476,-0.467200,-0.043968,0.060861,-0.000213,0.000452,0.000177,31.45658030,120.44207659,14.295360
1757074661.000000,553.062363,-309.051863,0.163261,-0.064398,-0.082753,-0.719454,0.686579,168.021,-178.798,87.195,-1.758234,-9.745907,0.029027,-0.467498,-0.043381,0.061047,-0.000303,0.000336,0.000533,31.45649663,120.44205829,14.257080
1757074662.000000,551.266956,-319.402675,0.070569,-0.064738,-0.075678,-0.711463,0.695630,168.593,-179.245,88.635,-1.700325,-10.152965,0.045700,-0.467768,-0.042751,0.061379,-0.000183,0.000129,0.000395,31.45640328,120.44203940,14.164742
1757074663.000000,549.679400,-329.309822,0.051263,-0.067443,-0.072381,-0.708489,0.698753,168.649,-179.680,89.175,-1.674137,-10.610533,0.009677,-0.467530,-0.042378,0.061466,-0.000113,0.000110,0.000342,31.45631393,120.44202269,14.145801
1757074664.000000,547.975703,-340.194034,0.057219,-0.064991,-0.076264,-0.707627,0.699446,168.529,-179.157,89.249,-1.729551,-11.094197,-0.017979,-0.467748,-0.042494,0.061483,-0.000315,0.000103,0.000386,31.45621576,120.44200476,14.152180
1757074665.000000,546.250134,-351.210466,-0.028439,-0.062301,-0.075087,-0.706935,0.700517,168.844,-179.019,89.382,-1.814582,-11.565553,-0.010628,-0.469135,-0.042545,0.061835,-0.000369,-0.000071,0.000382,31.45611641,120.44198660,14.066970
1757074666.000000,544.357003,-363.015695,-0.083728,-0.067743,-0.076014,-0.713281,0.693442,168.323,-179.497,88.333,-1.949341,-11.974777,0.009949,-0.469056,-0.042260,0.061957,-0.000197,0.000063,0.000471,31.45600994,120.44196667,14.012179
1757074667.000000,542.383918,-374.991755,-0.115575,-0.065352,-0.076798,-0.712292,0.694601,168.451,-179.221,88.480,-2.046787,-12.320683,-0.017543,-0.468796,-0.042160,0.061949,-0.000364,0.000021,0.000441,31.45590193,120.44194591,13.980856
1757074668.000000,540.341390,-387.201774,-0.156634,-0.062743,-0.071845,-0.717346,0.690157,169.065,-179.476,87.737,-2.110901,-12.499117,-0.061140,-0.469856,-0.042492,0.062132,-0.000145,-0.000169,0.000580,31.45579181,120.44192441,13.940352
1757074669.000000,538.267808,-399.403063,-0.208474,-0.062885,-0.070593,-0.724594,0.682660,169.154,-179.699,86.558,-2.172129,-12.517207,-0.063575,-0.471050,-0.042965,0.062275,0.000005,-0.000184,0.000731,31.45568176,120.44190259,13.889087
1757074670.000000,536.088618,-411.856361,-0.220918,-0.069621,-0.066274,-0.737186,0.668818,168.997,179.198,84.509,-2.197797,-12.243661,-0.074674,-0.471730,-0.043201,0.062284,0.000299,-0.000095,0.001053,31.45556945,120.44187965,13.877252
1757074671.000000,533.853610,-423.842831,-0.243166,-0.073668,-0.065357,-0.739746,0.665640,168.766,178.740,84.087,-2.257681,-11.881507,-0.049728,-0.472111,-0.043246,0.062209,0.000297,-0.000016,0.001031,31.45546134,120.44185613,13.855600
1757074672.000000,531.610348,-435.481852,-0.268736,-0.080465,-0.064227,-0.740051,0.664624,168.338,178.068,84.050,-2.251748,-11.524033,-0.051303,-0.472698,-0.042993,0.062206,0.000368,0.000093,0.000968,31.45535637,120.44183252,13.830626
1757074673.000000,529.396216,-446.552916,-0.320288,-0.074475,-0.064750,-0.742781,0.662222,168.762,178.574,83.577,-2.313011,-11.193252,-0.085766,-0.472984,-0.042578,0.062097,0.000387,0.000030,0.000922,31.45525653,120.44180922,13.779655
1757074674.000000,526.942692,-458.057852,-0.368607,-0.067158,-0.071929,-0.747694,0.656711,168.710,179.659,82.620,-2.324904,-10.997241,-0.070097,-0.473118,-0.042222,0.061976,0.000143,-0.000010,0.001132,31.45515276,120.44178340,13.731948
1757074675.000000,524.721862,-468.758284,-0.411557,-0.066141,-0.070369,-0.743267,0.661988,168.920,179.705,83.408,-2.228669,-10.823482,-0.102437,-0.473176,-0.041954,0.061820,0.000237,-0.000050,0.001056,31.45505626,120.44176003,13.689592
1757074676.000000,522.550877,-479.691971,-0.503751,-0.066136,-0.067282,-0.740690,0.665190,169.184,179.515,83.898,-2.103180,-10.640329,-0.158623,-0.472681,-0.041561,0.061600,0.000416,-0.000141,0.001071,31.45495765,120.44173719,13.598032
1757074677.000000,520.614092,-489.805095,-0.604521,-0.069782,-0.067635,-0.740438,0.665063,168.872,179.234,83.935,-1.966417,-10.344120,-0.135104,-0.471984,-0.041186,0.061322,0.000606,-0.000090,0.001114,31.45486644,120.44171680,13.497872
1757074678.000000,518.686946,-500.164114,-0.690317,-0.069367,-0.066933,-0.738284,0.667566,168.962,179.252,84.313,-1.838711,-9.991364,-0.154929,-0.471404,-0.040944,0.061011,0.000595,-0.000090,0.001083,31.45477301,120.44169652,13.412723
1757074679.000000,516.916615,-509.893524,-0.750423,-0.071845,-0.068264,-0.734157,0.671708,168.652,179.210,84.992,-1.708502,-9.614342,-0.111928,-0.470646,-0.040710,0.060660,0.000538,-0.000137,0.001039,31.45468526,120.44167789,13.353244
1757074680.000000,515.258137,-519.500468,-0.769343,-0.073316,-0.065337,-0.731580,0.674645,168.781,178.905,85.471,-1.594667,-9.260862,-0.131378,-0.470004,-0.040550,0.060309,0.000586,-0.000209,0.000990,31.45459862,120.44166044,13.334965
1757074681.000000,513.683483,-528.521480,-0.804940,-0.074089,-0.067467,-0.732896,0.672921,168.543,178.980,85.217,-1.542699,-8.987994,-0.096052,-0.469040,-0.040228,0.059929,0.000479,-0.000186,0.001044,31.45451726,120.44164387,13.299981
1757074682.000000,512.083817,-537.725455,-0.825970,-0.070824,-0.068122,-0.732811,0.673299,168.742,179.309,85.221,-1.515877,-8.793300,-0.123666,-0.468094,-0.039790,0.059524,0.000380,-0.000217,0.001065,31.45443425,120.44162703,13.279593
1757074683.000000,510.647856,-546.292593,-0.816144,-0.070095,-0.069252,-0.735703,0.670098,168.706,179.408,84.715,-1.437526,-8.586774,-0.125353,-0.466953,-0.039147,0.059019,0.000389,-0.000276,0.001207,31.45435699,120.44161192,13.290031
1757074684.000000,509.214251,-554.962641,-0.814752,-0.065616,-0.063784,-0.735500,0.671317,169.518,179.376,84.833,-1.361999,-8.193529,-0.119426,-0.465572,-0.038545,0.058491,0.000415,-0.000691,0.001228,31.45427879,120.44159683,13.292058
1757074685.000000,507.991722,-562.532556,-0.837670,-0.071772,-0.063361,-0.740912,0.664743,169.085,178.733,83.918,-1.173533,-7.379023,-0.220204,-0.463566,-0.038009,0.057829,0.000556,-0.000632,0.001465,31.45421052,120.44158397,13.269705
1757074686.000000,506.862634,-569.605000,-0.884010,-0.070675,-0.065868,-0.737964,0.667889,168.951,179.065,84.383,-1.062244,-6.765805,-0.259158,-0.460870,-0.037015,0.056874,0.000521,-0.000552,0.001425,31.45414673,120.44157208,13.223903
1757074687.000000,505.941126,-575.795189,-0.989336,-0.074414,-0.065807,-0.736566,0.669031,168.664,178.764,84.621,-0.928678,-6.146205,-0.273587,-0.457941,-0.036154,0.055959,0.000572,-0.000368,0.001392,31.45409090,120.44156239,13.119060
1757074688.000000,505.024102,-581.832099,-1.008190,-0.082768,-0.064089,-0.743176,0.660857,168.182,177.804,83.516,-1.035367,-5.843429,-0.175969,-0.454232,-0.034766,0.054772,0.000626,-0.000397,0.001251,31.45403646,120.44155273,13.100681
1757074689.000000,503.798495,-587.378656,-1.077426,-0.095492,-0.047790,-0.786010,0.608921,168.917,174.726,76.042,-1.724281,-5.344089,-0.216648,-0.451276,-0.032893,0.053916,0.001114,-0.000441,0.000853,31.45398643,120.44153984,13.031857
1757074690.000000,501.426770,-592.314533,-1.060218,-0.097301,-0.044903,-0.859568,0.499659,169.878,172.969,60.962,-2.644693,-4.623984,-0.175056,-0.447504,-0.029901,0.052735,0.000846,-0.000415,0.001115,31.45394192,120.44151488,13.049335
1757074691.000000,498.470016,-596.512992,-1.103521,-0.098629,-0.038296,-0.901212,0.420266,171.167,171.629,50.650,-3.356233,-3.926985,-0.182840,-0.444551,-0.026284,0.051876,0.000757,-0.000510,0.001127,31.45390405,120.44148377,13.006192
1757074692.000000,494.664279,-599.900499,-1.127827,-0.100809,-0.016032,-0.953764,0.282694,174.889,169.442,33.492,-4.190809,-2.811331,-0.169171,-0.441265,-0.021789,0.050963,0.000973,-0.000662,0.001258,31.45387350,120.44144373,12.981907
1757074693.000000,490.183285,-601.868489,-1.143923,-0.094470,-0.006717,-0.988483,0.118034,177.925,169.328,13.813,-4.986502,-1.384551,-0.174713,-0.437689,-0.015942,0.049932,0.001067,-0.000719,0.001342,31.45385576,120.44139659,12.965651
1757074694.000000,484.840257,-602.233691,-1.209926,-0.093725,-0.008347,-0.994727,-0.040802,179.478,169.214,-4.648,-5.742675,0.136408,-0.254692,-0.434832,-0.009200,0.049017,0.000814,-0.000542,0.001569,31.45385247,120.44134037,12.899274
1757074695.000000,478.706395,-601.349836,-1.234614,-0.093570,-0.014197,-0.990393,-0.100823,179.460,169.152,-11.574,-6.574202,1.080915,-0.226889,-0.430844,-0.000579,0.047776,0.000426,-0.000434,0.001826,31.45386044,120.44127584,12.874040
1757074696.000000,471.820588,-599.937284,-1.130171,-0.091730,-0.009131,-0.989104,-0.114781,0.175,10.577,166.745,-7.104175,1.634332,-0.189133,-0.424334,0.007618,0.045942,0.000509,-0.000393,0.001745,31.45387318,120.44120340,12.977838
1757074697.000000,464.360317,-598.136434,-1.034493,-0.094579,-0.000158,-0.989324,-0.110870,1.205,10.788,167.098,-7.767756,1.872355,-0.158409,-0.418412,0.015372,0.044274,0.000712,-0.000245,0.001539,31.45388943,120.44112491,13.072800
1757074698.000000,456.262002,-596.173743,-1.011814,-0.094084,0.008483,-0.988941,-0.114330,2.233,10.611,166.603,-8.389590,2.022928,-0.143057,-0.416415,0.022932,0.043587,0.000995,-0.000228,0.001492,31.45390713,120.44103971,13.094711
1757074699.000000,447.831244,-594.088211,-0.906040,-0.093624,0.011437,-0.988474,-0.118419,2.611,10.508,166.097,-8.886139,2.242384,-0.097759,-0.412753,0.032762,0.042439,0.001036,-0.000246,0.001445,31.45392594,120.44095101,13.199693
1757074700.000000,438.676804,-591.601968,-0.824126,-0.092006,0.006444,-0.988089,-0.123178,2.063,10.383,165.601,-9.213296,2.508752,-0.079680,-0.411057,0.040317,0.041832,0.000888,-0.000384,0.001379,31.45394837,120.44085470,13.280740
1757074701.000000,429.558902,-589.051840,-0.806802,-0.087495,0.008674,-0.987817,-0.128400,2.304,9.824,164.990,-9.413576,2.677355,-0.199598,-0.410104,0.047074,0.041415,0.000969,-0.000344,0.001356,31.45397137,120.44075877,13.297208
1757074702.000000,420.320469,-586.385166,-0.906745,-0.085286,0.016246,-0.986421,-0.139413,3.244,9.423,163.644,-9.651702,3.078147,-0.221944,-0.409075,0.051802,0.041069,0.001024,-0.000316,0.001162,31.45399543,120.44066157,13.196404
1757074703.000000,410.561543,-583.270655,-1.081296,-0.086583,0.014592,-0.983867,-0.155875,3.238,9.545,161.724,-9.808495,3.303164,-0.144576,-0.408769,0.048445,0.041115,0.000965,-0.000426,0.001265,31.45402352,120.44055890,13.020933
1757074704.000000,400.820227,-579.761392,-1.013551,-0.091645,0.017842,-0.980629,-0.172189,3.875,9.997,159.743,-9.482797,3.519937,-0.064422,-0.407106,0.053980,0.040668,0.000844,-0.000529,0.001391,31.45405517,120.44045642,13.087739
1757074705.000000,391.673109,-576.068836,-0.868788,-0.099981,0.026079,-0.976446,-0.189414,5.185,10.683,157.559,-8.977498,3.656097,0.114120,-0.406032,0.059924,0.040314,0.000738,-0.000417,0.001463,31.45408848,120.44036018,13.231600
1757074706.000000,382.859790,-572.285216,-0.655369,-0.099172,0.018519,-0.975120,-0.197388,4.393,10.725,156.701,-8.428369,3.688503,0.069272,-0.405559,0.064143,0.040069,0.000616,-0.000417,0.001433,31.45412261,120.44026746,13.444143
1757074707.000000,374.679758,-568.710269,-0.453940,-0.110808,0.007717,-0.978526,-0.173636,3.145,12.367,159.535,-8.073044,3.372324,0.144055,-0.405113,0.067179,0.039872,0.000482,-0.000230,0.001166,31.45415485,120.44018140,13.644767
1757074708.000000,366.439057,-565.474199,-0.287718,-0.101871,0.010219,-0.983785,-0.147260,2.930,11.387,162.681,-8.054840,2.996176,0.015139,-0.404996,0.070228,0.039699,0.000594,-0.000391,0.001061,31.45418404,120.44009470,13.810222
1757074709.000000,358.392087,-562.697608,-0.144857,-0.097672,0.012468,-0.988136,-0.117865,2.783,10.958,166.129,-8.278427,2.701336,0.060396,-0.405017,0.072211,0.039587,0.000868,-0.000555,0.000675,31.45420909,120.44001004,13.952381
1757074710.000000,349.885713,-559.977044,-0.042368,-0.097552,0.017633,-0.988213,-0.116650,3.363,10.876,166.216,-8.605926,2.671867,0.038487,-0.404891,0.073174,0.039509,0.000785,-0.000593,0.000735,31.45423363,120.43992055,14.054159
1757074711.000000,341.192733,-557.235132,0.029938,-0.096091,0.012795,-0.988354,-0.117303,2.791,10.774,166.200,-8.938499,2.802722,0.058686,-0.404638,0.074085,0.039474,0.000521,-0.000735,0.000757,31.45425836,120.43982909,14.125754
1757074712.000000,332.058635,-554.326689,0.159464,-0.095980,0.009454,-0.988148,-0.119426,2.428,10.803,165.988,-9.166277,2.922089,0.042120,-0.404739,0.074624,0.039416,0.000516,-0.000749,0.000779,31.45428459,120.43973299,14.254545
1757074713.000000,322.995408,-551.438715,0.217135,-0.089380,0.011405,-0.988699,-0.119817,2.559,10.021,165.956,-9.244429,2.961048,-0.006678,-0.404629,0.074186,0.039321,0.000607,-0.000847,0.000774,31.45431064,120.43963764,14.311501
1757074714.000000,313.735351,-548.366930,0.204608,-0.097412,0.015857,-0.986160,-0.133222,3.340,10.830,164.296,-9.178244,3.076689,-0.013550,-0.404267,0.074272,0.039293,0.000668,-0.000566,0.000890,31.45433835,120.43954022,14.298247
1757074715.000000,304.457371,-545.135148,0.153681,-0.094608,0.011967,-0.984484,-0.147303,2.999,10.530,162.704,-9.495304,3.423218,0.012038,-0.403591,0.073910,0.039255,0.000620,-0.000668,0.000910,31.45436750,120.43944260,14.246594
1757074716.000000,294.823715,-541.494593,0.228042,-0.088927,0.013571,-0.981412,-0.169526,3.304,9.785,160.116,-9.466134,3.856103,0.015370,-0.403239,0.074958,0.039192,0.000724,-0.000826,0.000830,31.45440033,120.43934125,14.320193
1757074717.000000,285.443024,-537.234381,0.269596,-0.095304,0.015271,-0.969445,-0.225524,4.231,10.247,153.429,-9.297578,4.614395,0.008514,-0.403101,0.075040,0.039182,0.000675,-0.000483,0.001277,31.45443876,120.43924256,14.360960
1757074718.000000,276.292268,-532.223341,0.309112,-0.095103,0.005975,-0.963896,-0.248646,3.428,10.391,150.759,-9.119738,5.310841,-0.010836,-0.402993,0.075063,0.039178,0.000208,-0.000564,0.001218,31.45448396,120.43914628,14.399654
1757074719.000000,266.991840,-526.604757,0.294914,-0.088652,0.011919,-0.957997,-0.272473,4.135,9.402,147.906,-9.013797,5.731154,-0.003040,-0.402598,0.074934,0.039147,0.000427,-0.000751,0.001396,31.45453463,120.43904844,14.384593
1757074720.000000,257.972592,-520.629071,0.266158,-0.092900,0.021496,-0.953579,-0.285649,5.473,9.491,146.194,-8.866681,6.074336,-0.012883,-0.402110,0.074681,0.039123,0.000537,-0.000561,0.001289,31.45458853,120.43895355,14.354976
1757074721.000000,249.194375,-514.475519,0.221969,-0.091929,0.021790,-0.950339,-0.296529,5.579,9.312,144.887,-8.790714,6.304133,-0.026763,-0.401531,0.074289,0.039108,0.000489,-0.000646,0.001337,31.45464403,120.43886119,14.309939
1757074722.000000,240.252808,-507.935582,0.244426,-0.089782,0.024092,-0.946652,-0.308558,5.869,8.924,143.435,-8.736691,6.496462,0.043752,-0.401133,0.074102,0.039106,0.000516,-0.000793,0.001407,31.45470301,120.43876712,14.331529
1757074723.000000,231.858359,-501.591178,0.235467,-0.090971,0.025271,-0.944534,-0.314549,6.100,8.972,142.683,-8.672888,6.659793,-0.003178,-0.400722,0.073936,0.039106,0.000496,-0.000721,0.001396,31.45476024,120.43867881,14.321758
1757074724.000000,223.128675,-494.765675,0.243739,-0.085750,0.024490,-0.943178,-0.320099,5.865,8.400,142.076,-8.560247,6.735813,-0.084878,-0.400902,0.074442,0.039073,0.000493,-0.000838,0.001405,31.45482180,120.43858696,14.329186
1757074725.000000,214.896222,-488.238612,0.179490,-0.081330,0.031584,-0.941297,-0.326110,6.517,7.615,141.349,-8.394051,6.715797,-0.046437,-0.400541,0.074452,0.039070,0.000592,-0.000897,0.001430,31.45488067,120.43850035,14.264152
1757074726.000000,206.510697,-481.433768,0.159340,-0.084657,0.040540,-0.934459,-0.343476,7.763,7.491,139.127,-8.119531,6.779017,0.033529,-0.400460,0.074289,0.039143,0.000728,-0.000785,0.001494,31.45494204,120.43841213,14.243209
1757074727.000000,198.802010,-474.655683,0.212374,-0.088984,0.041236,-0.919630,-0.380344,8.326,7.602,134.507,-7.664124,7.044443,0.054559,-0.400460,0.073774,0.039232,0.000484,-0.000696,0.001881,31.45500317,120.43833103,14.295490
1757074728.000000,191.077279,-467.239493,0.202098,-0.087388,0.031840,-0.910913,-0.401980,7.436,7.678,131.877,-7.589276,7.264656,0.120761,-0.400468,0.073382,0.039319,0.000123,-0.000834,0.002398,31.45507006,120.43824976,14.284431
1757074729.000000,183.512135,-460.008569,0.205023,-0.091714,0.034964,-0.912535,-0.397048,7.932,8.026,132.415,-7.568338,7.377107,0.079632,-0.400343,0.073049,0.039408,0.000263,-0.000716,0.002221,31.45513528,120.43817016,14.286608
1757074730.000000,176.003398,-452.676310,0.148449,-0.086989,0.041165,-0.909635,-0.404107,8.415,7.180,131.565,-7.561427,7.456033,0.072923,-0.399626,0.071998,0.039499,0.000435,-0.000783,0.002257,31.45520141,120.43809117,14.229299
1757074731.000000,168.441052,-445.132408,0.196880,-0.084670,0.047315,-0.906353,-0.411237,9.000,6.579,130.672,-7.487112,7.543922,0.126726,-0.399629,0.071779,0.039621,0.000465,-0.000827,0.002243,31.45526945,120.43801160,14.276995
1757074732.000000,160.934387,-437.426069,0.263540,-0.083296,0.046398,-0.903393,-0.418079,8.885,6.413,129.833,-7.329501,7.623085,0.133063,-0.399668,0.071494,0.039747,0.000431,-0.000857,0.002210,31.45533895,120.43793263,14.342929
1757074733.000000,153.876153,-429.869683,0.318707,-0.081141,0.046618,-0.897461,-0.431053,8.887,6.053,128.219,-7.013917,7.677653,0.128892,-0.399658,0.071045,0.039896,0.000450,-0.000899,0.002189,31.45540710,120.43785837,14.397409
1757074734.000000,146.891423,-421.996251,0.414348,-0.085012,0.044346,-0.894890,-0.435864,8.886,6.517,127.555,-6.647216,7.585990,0.135729,-0.400049,0.070744,0.040051,0.000328,-0.000832,0.002092,31.45547811,120.43778488,14.492361
1757074735.000000,140.418057,-414.500847,0.472759,-0.085398,0.045235,-0.892958,-0.439645,9.026,6.473,127.062,-6.316942,7.415618,0.093598,-0.400498,0.070322,0.040269,0.000361,-0.000777,0.002046,31.45554571,120.43771678,14.550135
1757074736.000000,134.213533,-407.156347,0.500868,-0.086309,0.044224,-0.887248,-0.450983,9.052,6.504,125.597,-6.060574,7.337503,0.110299,-0.400999,0.069833,0.040509,0.000297,-0.000761,0.002166,31.45561196,120.43765150,14.577638
1757074737.000000,128.322897,-399.999006,0.521695,-0.082182,0.050114,-0.879109,-0.466800,9.534,5.607,123.596,-5.905465,7.321397,0.091143,-0.401565,0.069192,0.040786,0.000440,-0.000753,0.002389,31.45567651,120.43758952,14.597891
1757074738.000000,122.524294,-392.418741,0.567961,-0.083137,0.049553,-0.871643,-0.480491,9.618,5.584,121.799,-5.662333,7.422896,0.102776,-0.401057,0.069100,0.040678,0.000219,-0.000800,0.002525,31.45574487,120.43752852,14.643573
1757074739.000000,117.005891,-385.113689,0.531042,-0.083451,0.048042,-0.869452,-0.484542,9.510,5.656,121.268,-5.552109,7.477452,0.136765,-0.401678,0.068365,0.041085,0.000367,-0.000826,0.002424,31.45581076,120.43747046,14.606106
1757074740.000000,111.395443,-377.584946,0.587629,-0.085557,0.051894,-0.866008,-0.489916,10.052,5.586,120.513,-5.502554,7.446076,0.152923,-0.402182,0.067982,0.041354,0.000445,-0.000712,0.002368,31.45587866,120.43741143,14.662143
1757074741.000000,106.104132,-370.296327,0.703593,-0.084351,0.045604,-0.865171,-0.492223,9.368,5.800,120.250,-5.370708,7.495529,0.084078,-0.401654,0.068147,0.041242,0.000287,-0.000783,0.002342,31.45594440,120.43735576,14.777591
1757074742.000000,100.787134,-362.826403,0.682219,-0.082166,0.047607,-0.864717,-0.493201,9.446,5.459,120.151,-5.289582,7.523586,0.111891,-0.402234,0.067606,0.041632,0.000364,-0.000888,0.002257,31.45601177,120.43729982,14.755702
1757074743.000000,95.447435,-355.176845,0.700469,-0.081611,0.052228,-0.860883,-0.499492,9.911,5.068,119.315,-5.175544,7.612337,0.089527,-0.402815,0.067126,0.041953,0.000458,-0.000854,0.002229,31.45608076,120.43724364,14.773440
1757074744.000000,90.217756,-347.364077,0.711390,-0.084385,0.053632,-0.854582,-0.509600,10.276,5.139,117.921,-5.057434,7.696478,0.096375,-0.403344,0.066768,0.042217,0.000463,-0.000792,0.002236,31.45615122,120.43718862,14.783857
1757074745.000000,85.223901,-339.597931,0.760133,-0.081976,0.049515,-0.850470,-0.517232,9.770,5.061,116.954,-4.993524,7.836643,0.086538,-0.403595,0.066637,0.042365,0.000283,-0.000903,0.002353,31.45622127,120.43713608,14.832113
1757074746.000000,80.136754,-331.594761,0.783491,-0.077567,0.049253,-0.849069,-0.520231,9.490,4.616,116.624,-4.930897,7.755287,0.117220,-0.404121,0.066462,0.042615,0.000355,-0.001008,0.002435,31.45629345,120.43708256,14.854986
1757074747.000000,75.379412,-324.227838,0.825053,-0.077985,0.054139,-0.846231,-0.524291,10.014,4.314,116.060,-4.769656,7.456718,0.110430,-0.404643,0.066370,0.042837,0.000411,-0.000896,0.002492,31.45635989,120.43703251,14.896112
1757074748.000000,70.816603,-316.923703,0.990363,-0.077370,0.058091,-0.839301,-0.534990,10.411,3.883,114.617,-4.425834,7.166692,0.043496,-0.404034,0.066714,0.042603,0.000416,-0.000854,0.002547,31.45642577,120.43698450,15.061003
1757074749.000000,66.621981,-310.022359,0.951551,-0.072473,0.058015,-0.833232,-0.545075,10.136,3.298,113.324,-4.052853,6.907477,0.091326,-0.405317,0.066112,0.043074,0.000315,-0.001033,0.002459,31.45648801,120.43694037,15.021809
1757074750.000000,62.799310,-303.248379,0.992524,-0.073524,0.059925,-0.828429,-0.552005,10.413,3.191,112.356,-3.608176,6.593889,0.112333,-0.406285,0.065829,0.043393,0.000142,-0.001023,0.002346,31.45654910,120.43690015,15.062418
1757074751.000000,59.506819,-296.937543,1.038724,-0.073202,0.058635,-0.821309,-0.562721,10.309,3.110,110.885,-3.116914,6.160607,0.090947,-0.407217,0.065603,0.043636,0.000131,-0.000911,0.002309,31.45660602,120.43686551,15.108291
1757074752.000000,56.488941,-290.856849,1.060427,-0.069300,0.054235,-0.816510,-0.570585,9.664,2.939,109.859,-2.629921,5.411682,0.085301,-0.408539,0.065199,0.044003,0.000120,-0.001099,0.002342,31.45666086,120.43683376,15.129687
1757074753.000000,54.099826,-286.021854,1.086547,-0.076941,0.062583,-0.818936,-0.565249,10.940,3.168,110.468,-2.212972,4.550305,0.049903,-0.408400,0.065222,0.043971,0.000208,-0.000692,0.002139,31.45670447,120.43680862,15.155568
1757074754.000000,52.013063,-281.692969,1.041378,-0.072722,0.060723,-0.813866,-0.573276,10.512,2.794,109.422,-1.921552,4.067569,0.044346,-0.410326,0.064709,0.044520,0.000181,-0.000875,0.002345,31.45674351,120.43678667,15.110190
1757074755.000000,50.296677,-278.044461,1.018010,-0.069390,0.060150,-0.809644,-0.579693,10.254,2.443,108.577,-1.512266,3.235122,0.057469,-0.412437,0.064222,0.045066,0.000235,-0.001071,0.002430,31.45677642,120.43676861,15.086649
1757074756.000000,49.026604,-275.338519,0.991225,-0.070374,0.061352,-0.807596,-0.582298,10.441,2.420,108.194,-1.028361,2.185382,0.052117,-0.414869,0.063644,0.045661,0.000245,-0.001016,0.002439,31.45680082,120.43675525,15.059737
1757074757.000000,48.289019,-273.753893,0.929727,-0.069756,0.060428,-0.809569,-0.579725,10.305,2.458,108.566,-0.490886,1.078256,0.032988,-0.417832,0.063103,0.046412,0.000197,-0.001033,0.002319,31.45681511,120.43674749,14.998166
1757074758.000000,48.123795,-273.452006,0.962196,-0.083513,0.068749,-0.808060,-0.579084,12.014,3.173,108.413,-0.036153,0.070973,0.001535,-0.415948,0.063362,0.045951,0.000159,-0.000533,0.002318,31.45681784,120.43674575,15.030620
1757074759.000000,48.059081,-273.346744,0.948134,-0.079552,0.067278,-0.808322,-0.579449,11.608,2.903,108.435,0.002553,-0.005417,0.005129,-0.416773,0.063193,0.046150,0.000187,-0.000697,0.002298,31.45681879,120.43674507,15.016553
1757074760.000000,48.086377,-273.430294,0.932969,-0.075376,0.065151,-0.807957,-0.580758,11.130,2.644,108.325,0.034143,-0.077433,0.010777,-0.416628,0.063243,0.046133,0.000210,-0.000927,0.002305,31.45681803,120.43674536,15.001392
1757074761.000000,48.100363,-273.490534,0.898506,-0.072450,0.062632,-0.807336,-0.582269,10.701,2.524,108.164,0.022790,-0.050459,0.015236,-0.416862,0.063153,0.046229,0.000232,-0.001113,0.002323,31.45681749,120.43674550,14.966932
1757074762.000000,48.078725,-273.452440,0.861726,-0.069855,0.061799,-0.809361,-0.579859,10.440,2.373,108.544,0.004037,-0.002618,0.005327,-0.417581,0.062901,0.046442,0.000259,-0.001214,0.002231,31.45681783,120.43674528,14.930150
1757074763.000000,48.081833,-273.486092,0.848966,-0.070427,0.062490,-0.808259,-0.581250,10.547,2.361,108.339,0.000855,0.012237,0.010517,-0.417874,0.062851,0.046510,0.000267,-0.001198,0.002254,31.45681753,120.43674531,14.917392
1757074764.000000,48.076639,-273.493690,0.823227,-0.071033,0.063092,-0.807160,-0.582637,10.648,2.358,108.134,-0.000325,0.006700,0.005998,-0.418480,0.062707,0.046664,0.000284,-0.001164,0.002273,31.45681746,120.43674525,14.891652
1757074765.000000,48.066507,-273.484823,0.771199,-0.071379,0.063427,-0.806606,-0.583326,10.705,2.359,108.031,-0.000504,0.004927,0.006395,-0.419704,0.062423,0.046960,0.000288,-0.001146,0.002278,31.45681754,120.43674515,14.839624
1757074766.000000,48.055470,-273.486013,0.760493,-0.071399,0.063625,-0.806189,-0.583878,10.726,2.340,107.953,-0.003939,0.002054,0.008969,-0.420151,0.062326,0.047069,0.000287,-0.001155,0.002279,31.45681753,120.43674503,14.828919
1757074767.000000,48.023287,-273.436911,0.779943,-0.071453,0.063201,-0.807418,-0.582217,10.686,2.395,108.186,-0.004742,-0.003697,0.011582,-0.422170,0.061919,0.047551,0.000277,-0.001183,0.002218,31.45681797,120.43674469,14.848366
1757074768.000000,48.022075,-273.465501,0.764789,-0.071500,0.062885,-0.807566,-0.582040,10.659,2.423,108.211,-0.005718,-0.000376,0.007653,-0.421738,0.062003,0.047455,0.000259,-0.001210,0.002199,31.45681771,120.43674468,14.833213
1757074769.000000,48.010318,-273.474127,0.759540,-0.071363,0.062985,-0.807161,-0.582608,10.661,2.396,108.133,-0.002370,0.002978,0.012288,-0.421920,0.061970,0.047510,0.000253,-0.001210,0.002200,31.45681764,120.43674456,14.827965
1757074770.000000,47.998688,-273.480098,0.757348,-0.071472,0.063062,-0.806711,-0.583208,10.677,2.393,108.047,-0.000772,0.004168,0.014602,-0.422102,0.061938,0.047567,0.000253,-0.001206,0.002201,31.45681758,120.43674443,14.825773
1757074771.000000,47.984578,-273.485452,0.752105,-0.071764,0.062941,-0.806302,-0.583751,10.687,2.421,107.966,-0.003937,0.004557,0.013063,-0.422287,0.061909,0.047627,0.000259,-0.001200,0.002200,31.45681753,120.43674428,14.820529
1757074772.000000,47.966353,-273.489047,0.745829,-0.071862,0.062584,-0.805856,-0.584392,10.663,2.446,107.874,-0.002221,0.004004,0.012747,-0.422468,0.061885,0.047688,0.000274,-0.001199,0.002198,31.45681750,120.43674409,14.814253
1757074773.000000,47.958083,-273.492018,0.745662,-0.071999,0.063211,-0.805449,-0.584870,10.732,2.410,107.804,0.003251,0.009208,0.013608,-0.422631,0.061863,0.047745,0.000291,-0.001188,0.002196,31.45681747,120.43674401,14.814087
1757074774.000000,47.904029,-273.400165,0.702548,-0.074307,0.064405,-0.804828,-0.585306,11.002,2.534,107.703,-0.088836,0.201458,0.018496,-0.422989,0.061891,0.047930,0.000306,-0.001113,0.002184,31.45681830,120.43674344,14.770969
1757074775.000000,47.760923,-273.094919,0.681156,-0.072067,0.063869,-0.804028,-0.586742,10.803,2.346,107.538,-0.165192,0.377304,0.010545,-0.423150,0.061930,0.048029,0.000306,-0.001213,0.002188,31.45682106,120.43674193,14.749563
1757074776.000000,47.564029,-272.651814,0.647937,-0.070698,0.065109,-0.802683,-0.588611,10.829,2.112,107.294,-0.213009,0.488844,0.016818,-0.423261,0.061993,0.048139,0.000358,-0.001229,0.002195,31.45682505,120.43673986,14.716323
1757074777.000000,47.314274,-272.103659,0.633969,-0.074491,0.068678,-0.801045,-0.589967,11.424,2.195,107.037,-0.290318,0.653295,-0.004780,-0.423313,0.061994,0.048184,0.000372,-0.001096,0.002191,31.45683000,120.43673723,14.702330
1757074778.000000,46.873954,-271.170562,0.623789,-0.081164,0.072785,-0.802687,-0.586352,12.254,2.576,107.428,-0.598141,1.309292,0.011521,-0.423309,0.061997,0.048209,0.000368,-0.000879,0.001947,31.45683841,120.43673260,14.692106
1757074779.000000,46.070757,-269.316633,0.603272,-0.076006,0.070451,-0.796098,-0.596228,11.709,2.121,106.121,-0.984667,2.459463,0.029668,-0.422626,0.062159,0.048190,0.000357,-0.001073,0.001783,31.45685513,120.43672415,14.671506
1757074780.000000,44.893855,-266.155873,0.577307,-0.067997,0.062991,-0.785741,-0.611571,10.500,1.708,104.053,-1.248424,3.653286,0.007363,-0.421812,0.062203,0.048126,0.000332,-0.001439,0.001507,31.45688364,120.43671177,14.645400
1757074781.000000,43.620266,-262.128770,0.534750,-0.070190,0.058534,-0.778171,-0.621367,10.279,2.092,102.597,-1.322742,4.464663,0.002080,-0.420634,0.062386,0.048029,0.000118,-0.001446,0.001327,31.45691996,120.43669837,14.602668
1757074782.000000,42.192980,-257.157614,0.527425,-0.076115,0.054629,-0.778344,-0.620808,10.357,2.904,102.585,-1.491505,5.264058,0.001988,-0.420724,0.062389,0.048041,-0.000067,-0.001241,0.001265,31.45696479,120.43668335,14.595132
1757074783.000000,40.569319,-251.503181,0.474796,-0.077029,0.056044,-0.782581,-0.615218,10.529,2.958,103.383,-1.756484,5.999548,0.005220,-0.419214,0.062822,0.047884,0.000020,-0.001234,0.001258,31.45701579,120.43666627,14.542268
1757074784.000000,38.606345,-245.122593,0.469164,-0.069835,0.057528,-0.787014,-0.610264,10.132,2.276,104.217,-2.110084,6.634426,-0.002404,-0.419523,0.062792,0.047924,0.000124,-0.001371,0.001355,31.45707334,120.43664562,14.536377
1757074785.000000,36.396523,-238.293623,0.477195,-0.072849,0.062671,-0.785995,-0.610718,10.815,2.176,104.100,-2.331871,7.056527,0.015806,-0.419728,0.062684,0.047945,0.000185,-0.001151,0.001449,31.45713493,120.43662237,14.544137
1757074786.000000,33.933150,-230.935398,0.491814,-0.071529,0.060953,-0.787523,-0.609078,10.560,2.201,104.359,-2.584216,7.631548,-0.000419,-0.419359,0.062854,0.047903,0.000155,-0.001190,0.001491,31.45720129,120.43659645,14.558474
1757074787.000000,31.305636,-223.222412,0.474329,-0.075252,0.060102,-0.787635,-0.608569,10.746,2.602,104.372,-2.790468,8.103566,0.043758,-0.417986,0.063442,0.047747,0.000112,-0.001176,0.001513,31.45727085,120.43656880,14.540702
1757074788.000000,28.481711,-214.943301,0.472205,-0.070286,0.059525,-0.789311,-0.607046,10.337,2.217,104.673,-2.823746,8.468409,0.026004,-0.417120,0.063830,0.047649,0.000156,-0.001302,0.001326,31.45734552,120.43653909,14.538283
1757074789.000000,25.713418,-206.459031,0.424004,-0.069112,0.058417,-0.787208,-0.610012,10.161,2.151,104.264,-2.766398,8.712490,0.002841,-0.416204,0.064091,0.047590,0.000134,-0.001326,0.001233,31.45742204,120.43650997,14.489791
1757074790.000000,23.049341,-197.784499,0.416699,-0.079046,0.057419,-0.786926,-0.609263,10.776,3.121,104.209,-2.606330,8.763842,-0.004031,-0.416395,0.064021,0.047617,-0.000068,-0.001105,0.001143,31.45750028,120.43648194,14.482204
1757074791.000000,20.415710,-189.023281,0.391880,-0.073505,0.061364,-0.787057,-0.609404,10.739,2.345,104.280,-2.660340,8.878935,-0.001624,-0.416318,0.064067,0.047613,0.000136,-0.001180,0.001098,31.45757930,120.43645423,14.457111
1757074792.000000,17.685280,-179.880389,0.338433,-0.071715,0.058408,-0.786770,-0.610277,10.346,2.382,104.185,-2.690812,8.939751,-0.012175,-0.415449,0.064573,0.047530,0.000242,-0.001310,0.001115,31.45766175,120.43642550,14.403394
1757074793.000000,15.086741,-171.193150,0.305298,-0.069902,0.065102,-0.775966,-0.623500,10.852,1.564,102.287,-2.587741,8.830386,0.002252,-0.414988,0.064649,0.047480,0.000484,-0.001241,0.001320,31.45774010,120.43639816,14.370015
1757074794.000000,12.586204,-162.311910,0.370425,-0.068792,0.062015,-0.767479,-0.634348,10.517,1.542,100.708,-2.336213,8.674299,-0.123800,-0.416211,0.064086,0.047590,0.000411,-0.001184,0.001352,31.45782020,120.43637185,14.434907
1757074795.000000,10.423151,-153.739445,0.370536,-0.068673,0.061486,-0.758678,-0.644911,10.482,1.427,99.137,-2.060784,8.519597,-0.107782,-0.417441,0.063558,0.047694,0.000310,-0.001252,0.001372,31.45789752,120.43634909,14.434804
1757074796.000000,8.479195,-145.180252,0.356171,-0.069179,0.063441,-0.749349,-0.655489,10.708,1.175,97.535,-1.832175,8.427622,-0.073576,-0.418499,0.063107,0.047768,0.000183,-0.001234,0.001426,31.45797471,120.43632864,14.420238
1757074797.000000,6.801297,-136.944481,0.260050,-0.070646,0.067477,-0.745016,-0.659854,11.175,0.929,96.847,-1.607780,8.366879,-0.013426,-0.417191,0.063652,0.047599,0.000174,-0.001154,0.001318,31.45804899,120.43631099,14.323935
1757074798.000000,5.238935,-128.543483,0.234020,-0.070575,0.066641,-0.741582,-0.663804,11.102,0.928,96.245,-1.454749,8.329596,-0.042970,-0.417203,0.063659,0.047530,0.000137,-0.001083,0.001292,31.45812476,120.43629455,14.297730
1757074799.000000,3.854400,-120.490401,0.216268,-0.068626,0.067731,-0.737741,-0.668162,11.049,0.616,95.607,-1.346740,8.286898,-0.017850,-0.417909,0.063375,0.047573,0.000231,-0.001127,0.001259,31.45819739,120.43627998,14.279822
1757074800.000000,2.604879,-112.063563,0.214805,-0.065173,0.069125,-0.729839,-0.676986,10.903,0.088,94.295,-1.164796,8.260779,-0.058672,-0.418385,0.063259,0.047565,0.000279,-0.001143,0.001273,31.45827339,120.43626684,14.278208
1757074801.000000,1.523401,-103.839096,0.201517,-0.068839,0.066196,-0.724102,-0.683048,10.948,0.531,93.291,-1.022565,8.223976,-0.064760,-0.419016,0.063058,0.047574,0.000209,-0.001107,0.001281,31.45834757,120.43625546,14.264782
1757074802.000000,0.519576,-95.496982,0.181067,-0.070176,0.067858,-0.722690,-0.684244,11.193,0.491,93.083,-0.960372,8.177223,-0.029998,-0.419486,0.062892,0.047558,0.000204,-0.001108,0.001263,31.45842280,120.43624490,14.244204
1757074803.000000,-0.444441,-87.398813,0.167624,-0.067192,0.068007,-0.721901,-0.685361,10.970,0.217,92.954,-0.933727,8.145505,-0.035777,-0.419841,0.062743,0.047526,0.000311,-0.001184,0.001230,31.45849584,120.43623475,14.230647
1757074804.000000,-1.318707,-79.423490,0.382320,-0.064070,0.070864,-0.711606,-0.696053,10.956,-0.428,91.307,-0.828191,8.106961,-0.024528,-0.423803,0.060806,0.047851,0.000428,-0.001180,0.001356,31.45856777,120.43622555,14.445241
1757074805.000000,-2.068275,-71.327363,0.477748,-0.062497,0.067047,-0.702773,-0.705485,10.511,-0.387,89.815,-0.657257,8.045634,-0.012365,-0.425429,0.060085,0.047935,0.000312,-0.001260,0.001381,31.45864079,120.43621767,14.540576
1757074806.000000,-2.596948,-63.314941,0.506165,-0.066980,0.066997,-0.700502,-0.707334,10.872,-0.054,89.449,-0.428421,7.659194,0.049444,-0.425864,0.059891,0.048024,0.000199,-0.001232,0.001192,31.45871305,120.43621211,14.568911
1757074807.000000,-2.969494,-56.007362,0.510103,-0.066425,0.071808,-0.700133,-0.707280,11.217,-0.491,89.466,-0.317259,7.203683,0.009177,-0.425862,0.059878,0.047996,0.000214,-0.001042,0.001100,31.45877896,120.43620819,14.572783
1757074808.000000,-3.259881,-48.738571,0.499216,-0.062186,0.075087,-0.697062,-0.710352,11.132,-1.145,89.030,-0.234211,6.732160,0.001913,-0.425974,0.059858,0.048039,0.000324,-0.001003,0.001069,31.45884452,120.43620513,14.561839
1757074809.000000,-3.472001,-42.267125,0.445373,-0.060203,0.078119,-0.691236,-0.715868,11.202,-1.640,88.155,-0.164027,6.314117,0.000031,-0.425914,0.059903,0.048093,0.000463,-0.000959,0.001011,31.45890288,120.43620290,14.507952
1757074810.000000,-3.515003,-36.184385,0.464669,-0.063985,0.072513,-0.674010,-0.732365,11.041,-1.144,85.359,0.052817,6.048557,-0.018698,-0.425932,0.059913,0.048004,0.000264,-0.001013,0.001255,31.45895774,120.43620245,14.527212
1757074811.000000,-3.334722,-30.407110,0.523105,-0.061522,0.072718,-0.659795,-0.745385,10.821,-1.560,83.177,0.240572,5.756564,0.006708,-0.426212,0.059887,0.047898,0.000312,-0.001072,0.001287,31.45900985,120.43620434,14.585620
1757074812.000000,-2.996640,-24.740505,0.461426,-0.056936,0.075210,-0.643249,-0.759824,10.570,-2.352,80.719,0.452933,5.378756,-0.011867,-0.426379,0.059795,0.048024,0.000471,-0.001089,0.001328,31.45906095,120.43620790,14.523918
1757074813.000000,-2.383726,-19.503327,0.470050,-0.056248,0.078494,-0.618674,-0.779691,10.667,-3.027,77.146,0.699321,5.142413,-0.015880,-0.426088,0.060020,0.047876,0.000456,-0.001017,0.001346,31.45910819,120.43621435,14.532526
1757074813.000000,-2.383726,-19.503327,0.470050,-0.056248,0.078494,-0.618674,-0.779691,10.667,-3.027,77.146,0.699321,5.142413,-0.015880,-0.426088,0.060020,0.047876,0.000456,-0.001017,0.001346,31.45910819,120.43621435,14.532526
1757074813.000000,-2.383726,-19.503327,0.470050,-0.056248,0.078494,-0.618674,-0.779691,10.667,-3.027,77.146,0.699321,5.142413,-0.015880,-0.426088,0.060020,0.047876,0.000456,-0.001017,0.001346,31.45910819,120.43621435,14.532526
1757074813.000000,-2.383726,-19.503327,0.470050,-0.056248,0.078494,-0.618674,-0.779691,10.667,-3.027,77.146,0.699321,5.142413,-0.015880,-0.426088,0.060020,0.047876,0.000456,-0.001017,0.001346,31.45910819,120.43621435,14.532526
1757074813.000000,-2.383726,-19.503327,0.470050,-0.056248,0.078494,-0.618674,-0.779691,10.667,-3.027,77.146,0.699321,5.142413,-0.015880,-0.426088,0.060020,0.047876,0.000456,-0.001017,0.001346,31.45910819,120.43621435,14.532526
1757074813.000000,-2.383726,-19.503327,0.470050,-0.056248,0.078494,-0.618674,-0.779691,10.667,-3.027,77.146,0.699321,5.142413,-0.015880,-0.426088,0.060020,0.047876,0.000456,-0.001017,0.001346,31.45910819,120.43621435,14.532526
1757074813.000000,-2.383726,-19.503327,0.470050,-0.056248,0.078494,-0.618674,-0.779691,10.667,-3.027,77.146,0.699321,5.142413,-0.015880,-0.426088,0.060020,0.047876,0.000456,-0.001017,0.001346,31.45910819,120.43621435,14.532526
1757074813.000000,-2.383726,-19.503327,0.470050,-0.056248,0.078494,-0.618674,-0.779691,10.667,-3.027,77.146,0.699321,5.142413,-0.015880,-0.426088,0.060020,0.047876,0.000456,-0.001017,0.001346,31.45910819,120.43621435,14.532526
1757074813.000000,-2.383726,-19.503327,0.470050,-0.056248,0.078494,-0.618674,-0.779691,10.667,-3.027,77.146,0.699321,5.142413,-0.015880,-0.426088,0.060020,0.047876,0.000456,-0.001017,0.001346,31.45910819,120.43621435,14.532526
1757074813.000000,-2.383726,-19.503327,0.470050,-0.056248,0.078494,-0.618674,-0.779691,10.667,-3.027,77.146,0.699321,5.142413,-0.015880,-0.426088,0.060020,0.047876,0.000456,-0.001017,0.001346,31.45910819,120.43621435,14.532526
1757074813.000000,-2.383726,-19.503327,0.470050,-0.056248,0.078494,-0.618674,-0.779691,10.667,-3.027,77.146,0.699321,5.142413,-0.015880,-0.426088,0.060020,0.047876,0.000456,-0.001017,0.001346,31.45910819,120.43621435,14.532526
1757074813.000000,-2.383726,-19.503327,0.470050,-0.056248,0.078494,-0.618674,-0.779691,10.667,-3.027,77.146,0.699321,5.142413,-0.015880,-0.426088,0.060020,0.047876,0.000456,-0.001017,0.001346,31.45910819,120.43621435,14.532526
1757074813.000000,-2.383726,-19.503327,0.470050,-0.056248,0.078494,-0.618674,-0.779691,10.667,-3.027,77.146,0.699321,5.142413,-0.015880,-0.426088,0.060020,0.047876,0.000456,-0.001017,0.001346,31.45910819,120.43621435,14.532526
1757074813.000000,-2.383726,-19.503327,0.470050,-0.056248,0.078494,-0.618674,-0.779691,10.667,-3.027,77.146,0.699321,5.142413,-0.015880,-0.426088,0.060020,0.047876,0.000456,-0.001017,0.001346,31.45910819,120.43621435,14.532526
1757074813.000000,-2.383726,-19.503327,0.470050,-0.056248,0.078494,-0.618674,-0.779691,10.667,-3.027,77.146,0.699321,5.142413,-0.015880,-0.426088,0.060020,0.047876,0.000456,-0.001017,0.001346,31.45910819,120.43621435,14.532526
1757074813.000000,-2.383726,-19.503327,0.470050,-0.056248,0.078494,-0.618674,-0.779691,10.667,-3.027,77.146,0.699321,5.142413,-0.015880,-0.426088,0.060020,0.047876,0.000456,-0.001017,0.001346,31.45910819,120.43621435,14.532526
1757074813.000000,-2.383726,-19.503327,0.470050,-0.056248,0.078494,-0.618674,-0.779691,10.667,-3.027,77.146,0.699321,5.142413,-0.015880,-0.426088,0.060020,0.047876,0.000456,-0.001017,0.001346,31.45910819,120.43621435,14.532526
1757074813.000000,-2.383726,-19.503327,0.470050,-0.056248,0.078494,-0.618674,-0.779691,10.667,-3.027,77.146,0.699321,5.142413,-0.015880,-0.426088,0.060020,0.047876,0.000456,-0.001017,0.001346,31.45910819,120.43621435,14.532526
1757074813.000000,-2.383726,-19.503327,0.470050,-0.056248,0.078494,-0.618674,-0.779691,10.667,-3.027,77.146,0.699321,5.142413,-0.015880,-0.426088,0.060020,0.047876,0.000456,-0.001017,0.001346,31.45910819,120.43621435,14.532526
1757074813.000000,-2.383726,-19.503327,0.470050,-0.056248,0.078494,-0.618674,-0.779691,10.667,-3.027,77.146,0.699321,5.142413,-0.015880,-0.426088,0.060020,0.047876,0.000456,-0.001017,0.001346,31.45910819,120.43621435,14.532526
1757074813.000000,-2.383726,-19.503327,0.470050,-0.056248,0.078494,-0.618674,-0.779691,10.667,-3.027,77.146,0.699321,5.142413,-0.015880,-0.426088,0.060020,0.047876,0.000456,-0.001017,0.001346,31.45910819,120.43621435,14.532526
